{"overlap": 0.4392961859703064, "von_neumann": 0.35849690437316895}