{"overlap": 0.16016344726085663, "von_neumann": 1.8126287460327148}