{"overlap": 0.38120588660240173, "von_neumann": 0.3202022314071655}