{"overlap": 0.5540247559547424, "von_neumann": 0.07212864607572556}