{"overlap": 0.21891340613365173, "von_neumann": 1.509982705116272}