{"overlap": 0.17576351761817932, "von_neumann": 1.7808654308319092}