{"overlap": 0.3536999523639679, "von_neumann": 0.03202478587627411}