{"overlap": 0.21358561515808105, "von_neumann": 1.5170142650604248}