{"overlap": 0.5438785552978516, "von_neumann": 0.19375479221343994}