{"overlap": 0.5627252459526062, "von_neumann": 0.12511961162090302}