{"overlap": 0.7064167261123657, "von_neumann": 0.0332777202129364}