{"overlap": 0.32264092564582825, "von_neumann": 0.031562499701976776}