{"overlap": 0.22318780422210693, "von_neumann": 1.2107722759246826}