{"overlap": 0.3667898178100586, "von_neumann": 1.1614739894866943}