{"overlap": 0.6815961599349976, "von_neumann": 0.034236494451761246}