{"overlap": 0.2384832203388214, "von_neumann": 1.3823076486587524}