{"overlap": 0.20269973576068878, "von_neumann": 1.360227108001709}