{"overlap": 0.23276108503341675, "von_neumann": 1.1896523237228394}