{"overlap": 0.28893688321113586, "von_neumann": 1.4898146390914917}