{"overlap": 0.21037405729293823, "von_neumann": 0.9542708396911621}