{"overlap": 0.17855988442897797, "von_neumann": 0.4036303162574768}