{"overlap": 0.40479299426078796, "von_neumann": 0.3322293162345886}