{"overlap": 0.22706317901611328, "von_neumann": 1.3937005996704102}