{"overlap": 0.24932968616485596, "von_neumann": 0.09138396382331848}