{"overlap": 0.30840352177619934, "von_neumann": 0.28998732566833496}