{"overlap": 0.20687773823738098, "von_neumann": 1.5827511548995972}