{"overlap": 0.13843517005443573, "von_neumann": 2.221083164215088}