{"overlap": 0.5001552700996399, "von_neumann": 0.20348015427589417}