{"overlap": 0.3462877869606018, "von_neumann": 0.5608333349227905}