{"overlap": 0.2104761302471161, "von_neumann": 1.3776543140411377}