{"overlap": 0.1854296773672104, "von_neumann": 1.4615397453308105}