{"overlap": 0.18638604879379272, "von_neumann": 2.1047565937042236}