{"overlap": 0.22829283773899078, "von_neumann": 1.5145580768585205}