{"overlap": 0.20301412045955658, "von_neumann": 0.7928556799888611}