{"overlap": 0.40471893548965454, "von_neumann": 0.25611746311187744}