{"overlap": 0.2780366837978363, "von_neumann": 0.6571243405342102}