{"overlap": 0.3634747564792633, "von_neumann": 0.49094992876052856}