{"overlap": 0.313495397567749, "von_neumann": 0.6839278936386108}