{"overlap": 0.2565532922744751, "von_neumann": 1.6181052923202515}