{"overlap": 0.2354189157485962, "von_neumann": 1.5550103187561035}