{"overlap": 0.33826112747192383, "von_neumann": 0.9842256307601929}