{"overlap": 0.33420008420944214, "von_neumann": 0.869839608669281}