{"overlap": 0.15491488575935364, "von_neumann": 1.9986250400543213}