{"overlap": 0.2128920704126358, "von_neumann": 1.4174420833587646}