{"overlap": 0.438293993473053, "von_neumann": 0.5189456343650818}