{"overlap": 0.35843002796173096, "von_neumann": 0.7295379638671875}