{"overlap": 0.15154685080051422, "von_neumann": 1.894210696220398}