{"overlap": 0.4208410382270813, "von_neumann": 0.7081828713417053}