{"overlap": 0.1564231663942337, "von_neumann": 1.8263885974884033}