{"overlap": 0.30970773100852966, "von_neumann": 1.1940131187438965}