{"overlap": 0.2778651714324951, "von_neumann": 0.8280471563339233}