{"overlap": 0.3748452365398407, "von_neumann": 0.25776442885398865}