{"overlap": 0.20980101823806763, "von_neumann": 1.581333041191101}