{"overlap": 0.4248914122581482, "von_neumann": 0.0853646844625473}