{"overlap": 0.42016518115997314, "von_neumann": 0.4301120340824127}