{"overlap": 0.1473418027162552, "von_neumann": 1.9281834363937378}