{"overlap": 0.2656480073928833, "von_neumann": 1.368377923965454}