{"overlap": 0.1912846714258194, "von_neumann": 1.74676513671875}