{"overlap": 0.32314401865005493, "von_neumann": 1.2437188625335693}