{"overlap": 0.14620321989059448, "von_neumann": 1.8856148719787598}