{"overlap": 0.31218042969703674, "von_neumann": 0.42260318994522095}