{"overlap": 0.1865021139383316, "von_neumann": 1.6931581497192383}