{"overlap": 0.3800344169139862, "von_neumann": 0.1773383766412735}