{"overlap": 0.16443286836147308, "von_neumann": 1.8379895687103271}