{"overlap": 0.4044629633426666, "von_neumann": 0.6233639121055603}