{"overlap": 0.2611038386821747, "von_neumann": 0.6986111402511597}