{"overlap": 0.22150368988513947, "von_neumann": 0.11895203590393066}