{"overlap": 0.40217918157577515, "von_neumann": 0.5587874054908752}