{"overlap": 0.4227231740951538, "von_neumann": 0.47888338565826416}