{"overlap": 0.19296936690807343, "von_neumann": 1.2921334505081177}