{"overlap": 0.1945011168718338, "von_neumann": 1.6838536262512207}