{"overlap": 0.3762901723384857, "von_neumann": 0.45259279012680054}