{"overlap": 0.3072265684604645, "von_neumann": 0.7668600082397461}