{"overlap": 0.2630579173564911, "von_neumann": 1.2308273315429688}