{"overlap": 0.3259761333465576, "von_neumann": 0.9398104548454285}