{"overlap": 0.5838268995285034, "von_neumann": 0.04546857252717018}