{"overlap": 0.24693663418293, "von_neumann": 1.3287298679351807}