{"overlap": 0.3401522636413574, "von_neumann": 0.5380408763885498}