{"overlap": 0.5069151520729065, "von_neumann": 0.11892154067754745}