{"overlap": 0.27389222383499146, "von_neumann": 0.9561579823493958}