{"overlap": 0.24278831481933594, "von_neumann": 1.0107001066207886}