{"overlap": 0.2917577028274536, "von_neumann": 0.7969760894775391}