{"overlap": 0.3848784565925598, "von_neumann": 0.14817816019058228}