{"overlap": 0.38634905219078064, "von_neumann": 0.3942534327507019}