{"overlap": 0.24337442219257355, "von_neumann": 0.4996386766433716}