{"overlap": 0.1859559267759323, "von_neumann": 1.9254165887832642}