{"overlap": 0.22075989842414856, "von_neumann": 0.6460483074188232}