{"overlap": 0.18298035860061646, "von_neumann": 1.795515775680542}