{"overlap": 0.2765176296234131, "von_neumann": 1.17023503780365}