{"overlap": 0.2900242805480957, "von_neumann": 0.35599952936172485}