{"overlap": 0.251050740480423, "von_neumann": 0.3748810589313507}