{"overlap": 0.5488603115081787, "von_neumann": 0.20555129647254944}