{"overlap": 0.22333714365959167, "von_neumann": 1.3386846780776978}