{"overlap": 0.5061458349227905, "von_neumann": 0.11708061397075653}