{"overlap": 0.17050868272781372, "von_neumann": 1.9989964962005615}