{"overlap": 0.35748448967933655, "von_neumann": 0.9957435131072998}