{"overlap": 0.1574404388666153, "von_neumann": 1.761704921722412}