{"overlap": 0.20594710111618042, "von_neumann": 1.7935173511505127}