{"overlap": 0.6902847290039062, "von_neumann": 0.12271662801504135}