{"overlap": 0.21884766221046448, "von_neumann": 0.5338612198829651}