{"overlap": 0.3046175241470337, "von_neumann": 0.7695210576057434}