{"overlap": 0.1515040248632431, "von_neumann": 0.8759089708328247}