{"overlap": 0.18885394930839539, "von_neumann": 1.3668938875198364}