{"overlap": 0.33518409729003906, "von_neumann": 0.7411677241325378}