{"overlap": 0.2828429341316223, "von_neumann": 1.3413779735565186}