{"overlap": 0.2783377468585968, "von_neumann": 0.893147885799408}