{"overlap": 0.1515798419713974, "von_neumann": 2.179905891418457}