{"overlap": 0.3290865123271942, "von_neumann": 0.7390059232711792}