{"overlap": 0.37894389033317566, "von_neumann": 0.5981194376945496}