{"overlap": 0.2830273509025574, "von_neumann": 0.748313307762146}