{"overlap": 0.24431772530078888, "von_neumann": 0.4927830696105957}