{"overlap": 0.5473837852478027, "von_neumann": 0.23348024487495422}