{"overlap": 0.31199774146080017, "von_neumann": 1.0998238325119019}