{"overlap": 0.1708211749792099, "von_neumann": 1.7863421440124512}