{"overlap": 0.28507909178733826, "von_neumann": 1.0246285200119019}