{"overlap": 0.34834226965904236, "von_neumann": 1.067118525505066}