{"overlap": 0.26352906227111816, "von_neumann": 0.7906897664070129}