{"overlap": 0.3382415175437927, "von_neumann": 0.2928961515426636}