{"overlap": 0.6241551637649536, "von_neumann": 0.012704707682132721}