{"overlap": 0.17792993783950806, "von_neumann": 1.448244333267212}