{"overlap": 0.31056615710258484, "von_neumann": 0.47381043434143066}