{"overlap": 0.1945723444223404, "von_neumann": 1.6930252313613892}