{"overlap": 0.30522671341896057, "von_neumann": 0.46616560220718384}