{"overlap": 0.32937905192375183, "von_neumann": 0.3282938599586487}