{"overlap": 0.31501007080078125, "von_neumann": 0.6693625450134277}