{"overlap": 0.17564262449741364, "von_neumann": 1.7060587406158447}