{"overlap": 0.462934285402298, "von_neumann": 0.15401698648929596}