{"overlap": 0.2654283940792084, "von_neumann": 0.7130868434906006}