{"overlap": 0.16937869787216187, "von_neumann": 1.8888089656829834}