{"overlap": 0.22792042791843414, "von_neumann": 1.7598176002502441}