{"overlap": 0.260959655046463, "von_neumann": 1.362943172454834}