{"overlap": 0.22655703127384186, "von_neumann": 0.6427404284477234}