{"overlap": 0.30590006709098816, "von_neumann": 1.3725247383117676}