{"overlap": 0.23655927181243896, "von_neumann": 1.2547003030776978}