{"overlap": 0.38242629170417786, "von_neumann": 0.6326473951339722}