{"overlap": 0.46844738721847534, "von_neumann": 0.03846532106399536}