{"overlap": 0.1487676352262497, "von_neumann": 1.9449083805084229}