{"overlap": 0.19172263145446777, "von_neumann": 1.7294037342071533}