{"overlap": 0.16217118501663208, "von_neumann": 1.7619287967681885}