{"overlap": 0.2295735627412796, "von_neumann": 1.155975341796875}