{"overlap": 0.4553132951259613, "von_neumann": 0.004040061961859465}