{"overlap": 0.4553752541542053, "von_neumann": 0.11212756484746933}