{"overlap": 0.3806036412715912, "von_neumann": 0.7182381749153137}