{"overlap": 0.22643232345581055, "von_neumann": 0.8716295957565308}