{"overlap": 0.19599084556102753, "von_neumann": 1.4887020587921143}