{"overlap": 0.2930485010147095, "von_neumann": 0.8680158853530884}