{"overlap": 0.20031948387622833, "von_neumann": 1.9048304557800293}