{"overlap": 0.4540339708328247, "von_neumann": 0.38599181175231934}