{"overlap": 0.5355715751647949, "von_neumann": 0.03210243210196495}