{"overlap": 0.17491191625595093, "von_neumann": 2.0221776962280273}