{"overlap": 0.4973270893096924, "von_neumann": 0.15177562832832336}