{"overlap": 0.1594071239233017, "von_neumann": 1.804902195930481}