{"overlap": 0.1863335222005844, "von_neumann": 1.4439815282821655}