{"overlap": 0.23885497450828552, "von_neumann": 1.5989586114883423}