{"overlap": 0.2747420370578766, "von_neumann": 0.023647041991353035}