{"overlap": 0.2705819308757782, "von_neumann": 1.2749223709106445}