{"overlap": 0.23002396523952484, "von_neumann": 0.9100831151008606}