{"overlap": 0.2155577391386032, "von_neumann": 1.3066447973251343}