{"overlap": 0.2058423012495041, "von_neumann": 0.8170660734176636}