{"overlap": 0.4351486265659332, "von_neumann": 0.4304847717285156}