{"overlap": 0.1642311066389084, "von_neumann": 0.5178417563438416}