{"overlap": 0.19241762161254883, "von_neumann": 1.251391887664795}