{"overlap": 0.2590301036834717, "von_neumann": 1.2057098150253296}