{"overlap": 0.2176903486251831, "von_neumann": 1.4295036792755127}