{"overlap": 0.334435373544693, "von_neumann": 0.7997803688049316}