{"overlap": 0.2727532386779785, "von_neumann": 0.6521021723747253}