{"overlap": 0.3876112997531891, "von_neumann": 0.3025365173816681}