{"overlap": 0.35024791955947876, "von_neumann": 0.5958211421966553}