{"overlap": 0.18574298918247223, "von_neumann": 1.5519232749938965}