{"overlap": 0.33235234022140503, "von_neumann": 0.20085358619689941}