{"overlap": 0.3705005347728729, "von_neumann": 1.106835126876831}