{"overlap": 0.20867425203323364, "von_neumann": 1.621764898300171}