{"overlap": 0.2180422842502594, "von_neumann": 1.6179629564285278}