{"overlap": 0.32912537455558777, "von_neumann": 0.045186303555965424}