{"overlap": 0.22760134935379028, "von_neumann": 1.8404043912887573}