{"overlap": 0.4263502061367035, "von_neumann": 0.15052518248558044}