{"overlap": 0.20432263612747192, "von_neumann": 1.6252028942108154}