{"overlap": 0.280938059091568, "von_neumann": 1.1046961545944214}