{"overlap": 0.16735109686851501, "von_neumann": 1.870199203491211}