{"overlap": 0.44933125376701355, "von_neumann": 0.7596269845962524}