{"overlap": 0.4708390533924103, "von_neumann": 0.11045630276203156}