{"overlap": 0.2391321361064911, "von_neumann": 1.2442009449005127}