{"overlap": 0.24442806839942932, "von_neumann": 1.0022722482681274}