{"overlap": 0.28444892168045044, "von_neumann": 1.2840262651443481}