{"overlap": 0.22702448070049286, "von_neumann": 1.4419963359832764}