{"overlap": 0.28164103627204895, "von_neumann": 0.3764861226081848}