{"overlap": 0.15623998641967773, "von_neumann": 1.722281575202942}