{"overlap": 0.4748145639896393, "von_neumann": 0.012076862156391144}