{"overlap": 0.36119624972343445, "von_neumann": 0.3088424801826477}