{"overlap": 0.4102880656719208, "von_neumann": 0.66483473777771}