{"overlap": 0.44107258319854736, "von_neumann": 0.3701145052909851}