{"overlap": 0.19641172885894775, "von_neumann": 1.5530939102172852}