{"overlap": 0.35625022649765015, "von_neumann": 0.43669992685317993}