{"overlap": 0.19510142505168915, "von_neumann": 1.4242126941680908}