{"overlap": 0.1569904386997223, "von_neumann": 1.7992949485778809}