{"overlap": 0.5168241858482361, "von_neumann": 0.4475559592247009}