{"overlap": 0.24288545548915863, "von_neumann": 1.3310582637786865}