{"overlap": 0.22553463280200958, "von_neumann": 1.2884018421173096}