{"overlap": 0.300573468208313, "von_neumann": 0.14719262719154358}