{"overlap": 0.35094141960144043, "von_neumann": 0.7990110516548157}