{"overlap": 0.1872890740633011, "von_neumann": 0.6404976844787598}