{"overlap": 0.25355926156044006, "von_neumann": 0.9310842752456665}