{"overlap": 0.19121156632900238, "von_neumann": 1.9187896251678467}