{"overlap": 0.15876895189285278, "von_neumann": 1.887458086013794}