{"overlap": 0.1702568680047989, "von_neumann": 1.7155455350875854}