{"overlap": 0.621265709400177, "von_neumann": 0.040437549352645874}