{"overlap": 0.3166216313838959, "von_neumann": 0.5438612103462219}