{"overlap": 0.23642690479755402, "von_neumann": 1.6368072032928467}