{"overlap": 0.6589602828025818, "von_neumann": 0.16901762783527374}