{"overlap": 0.5455700755119324, "von_neumann": 0.14370965957641602}