{"overlap": 0.15551766753196716, "von_neumann": 2.045353651046753}