{"overlap": 0.15176787972450256, "von_neumann": 2.065687417984009}