{"overlap": 0.49160194396972656, "von_neumann": 0.6674762964248657}