{"overlap": 0.5373033285140991, "von_neumann": 0.11910867691040039}