{"overlap": 0.2373185008764267, "von_neumann": 0.6653380393981934}