{"overlap": 0.20171023905277252, "von_neumann": 0.10107481479644775}