{"overlap": 0.47394248843193054, "von_neumann": 0.6474487781524658}