{"overlap": 0.2594015598297119, "von_neumann": 0.5646106600761414}