{"overlap": 0.6887463927268982, "von_neumann": 0.07031281292438507}