{"overlap": 0.49948206543922424, "von_neumann": 0.13478296995162964}