{"overlap": 0.44433704018592834, "von_neumann": 0.20116284489631653}