{"overlap": 0.4811819791793823, "von_neumann": 0.06453205645084381}