{"overlap": 0.7777295708656311, "von_neumann": 0.06589269638061523}