{"overlap": 0.4441605806350708, "von_neumann": 0.2322438359260559}