{"overlap": 0.20471100509166718, "von_neumann": 1.6116849184036255}