{"overlap": 0.19496113061904907, "von_neumann": 1.8898866176605225}