{"overlap": 0.207318976521492, "von_neumann": 1.4757654666900635}