{"overlap": 0.17255373299121857, "von_neumann": 1.7973005771636963}