{"overlap": 0.20850999653339386, "von_neumann": 1.5034668445587158}