{"overlap": 0.2920624315738678, "von_neumann": 0.7632912397384644}