{"overlap": 0.42079028487205505, "von_neumann": 0.27048683166503906}