{"overlap": 0.43652936816215515, "von_neumann": 0.01045589055866003}