{"overlap": 0.17477448284626007, "von_neumann": 1.6455937623977661}