{"overlap": 0.17408381402492523, "von_neumann": 1.4898548126220703}