{"overlap": 0.5064358711242676, "von_neumann": 0.6135857105255127}