{"overlap": 0.2876424789428711, "von_neumann": 0.7188105583190918}