{"overlap": 0.5407516956329346, "von_neumann": 0.10029775649309158}