{"overlap": 0.21768315136432648, "von_neumann": 1.5611498355865479}