{"overlap": 0.20543551445007324, "von_neumann": 1.629225730895996}