{"overlap": 0.29762840270996094, "von_neumann": 1.2553001642227173}