{"overlap": 0.18418939411640167, "von_neumann": 1.9858187437057495}