{"overlap": 0.4543220102787018, "von_neumann": 0.7085728645324707}