{"overlap": 0.2308698445558548, "von_neumann": 1.5268213748931885}