{"overlap": 0.164262592792511, "von_neumann": 2.0758252143859863}