{"overlap": 0.23892895877361298, "von_neumann": 0.5274291038513184}