{"overlap": 0.20623944699764252, "von_neumann": 1.4472721815109253}