{"overlap": 0.1699666976928711, "von_neumann": 1.977190375328064}