{"overlap": 0.20369525253772736, "von_neumann": 1.7027993202209473}