{"overlap": 0.33860960602760315, "von_neumann": 0.9257263541221619}