{"overlap": 0.2124478667974472, "von_neumann": 1.2556263208389282}