{"overlap": 0.3115905225276947, "von_neumann": 1.23544180393219}