{"overlap": 0.21499527990818024, "von_neumann": 0.7732561826705933}