{"overlap": 0.3610892593860626, "von_neumann": 0.2543114125728607}