{"overlap": 0.459771990776062, "von_neumann": 0.5985464453697205}