{"overlap": 0.30116093158721924, "von_neumann": 0.6869388818740845}