{"overlap": 0.18051007390022278, "von_neumann": 1.745178461074829}