{"overlap": 0.2289932519197464, "von_neumann": 1.7089455127716064}