{"overlap": 0.5073131322860718, "von_neumann": 0.22729098796844482}