{"overlap": 0.15322710573673248, "von_neumann": 1.8396881818771362}