{"overlap": 0.17732608318328857, "von_neumann": 1.9055933952331543}