{"overlap": 0.24088488519191742, "von_neumann": 0.7196354269981384}