{"overlap": 0.21311281621456146, "von_neumann": 1.5692009925842285}