{"overlap": 0.15672039985656738, "von_neumann": 2.0373191833496094}