{"overlap": 0.21235834062099457, "von_neumann": 1.3135180473327637}