{"overlap": 0.1414305716753006, "von_neumann": 1.9583407640457153}