{"overlap": 0.46700283885002136, "von_neumann": 0.5892052054405212}