{"overlap": 0.27067795395851135, "von_neumann": 1.097729206085205}