{"overlap": 0.3526900112628937, "von_neumann": 0.6538423299789429}