{"overlap": 0.16137593984603882, "von_neumann": 1.246944546699524}