{"overlap": 0.19403964281082153, "von_neumann": 0.6758361458778381}