{"overlap": 0.3926844298839569, "von_neumann": 0.20052719116210938}