{"overlap": 0.19872696697711945, "von_neumann": 1.5224512815475464}