{"overlap": 0.21544408798217773, "von_neumann": 1.7164453268051147}