{"overlap": 0.17635418474674225, "von_neumann": 1.4930071830749512}