{"overlap": 0.23567666113376617, "von_neumann": 0.8942981958389282}