{"overlap": 0.48342272639274597, "von_neumann": 0.12307240068912506}