{"overlap": 0.2757419943809509, "von_neumann": 1.2802093029022217}