{"overlap": 0.6290262937545776, "von_neumann": 0.07318232208490372}