{"overlap": 0.5085116624832153, "von_neumann": 0.5311535000801086}