{"overlap": 0.24421964585781097, "von_neumann": 1.2851811647415161}