{"overlap": 0.2200583815574646, "von_neumann": 0.8217852711677551}