{"overlap": 0.21090248227119446, "von_neumann": 1.606748342514038}