{"overlap": 0.22879548370838165, "von_neumann": 1.6252466440200806}