{"overlap": 0.3313427269458771, "von_neumann": 0.4509015381336212}