{"overlap": 0.23843608796596527, "von_neumann": 1.5561962127685547}