{"overlap": 0.43964511156082153, "von_neumann": 0.6921863555908203}