{"overlap": 0.3967936038970947, "von_neumann": 0.6731828451156616}