{"overlap": 0.19516389071941376, "von_neumann": 1.3472882509231567}