{"overlap": 0.2431468665599823, "von_neumann": 0.48709216713905334}