{"overlap": 0.2818458676338196, "von_neumann": 0.91037917137146}