{"overlap": 0.3167377710342407, "von_neumann": 0.49742811918258667}