{"overlap": 0.56747967004776, "von_neumann": 0.17896780371665955}