{"overlap": 0.1892748773097992, "von_neumann": 1.648446798324585}