{"overlap": 0.18987932801246643, "von_neumann": 2.0702903270721436}