{"overlap": 0.31566840410232544, "von_neumann": 0.12549450993537903}