{"overlap": 0.22826233506202698, "von_neumann": 1.3804985284805298}