{"overlap": 0.3648762106895447, "von_neumann": 0.3002901077270508}