{"overlap": 0.27135103940963745, "von_neumann": 0.6825304627418518}