{"overlap": 0.5663260817527771, "von_neumann": 0.2994585335254669}