{"overlap": 0.27459079027175903, "von_neumann": 0.9954929351806641}