{"overlap": 0.28465619683265686, "von_neumann": 1.0927718877792358}