{"overlap": 0.35728925466537476, "von_neumann": 0.7869972586631775}