{"overlap": 0.24186013638973236, "von_neumann": 1.3605830669403076}