{"overlap": 0.37664100527763367, "von_neumann": 0.15220001339912415}