{"overlap": 0.24582944810390472, "von_neumann": 1.2789077758789062}