{"overlap": 0.19414310157299042, "von_neumann": 1.9323761463165283}