{"overlap": 0.3846621513366699, "von_neumann": 0.6966763734817505}