{"overlap": 0.23624572157859802, "von_neumann": 0.4677325487136841}