{"overlap": 0.4463523328304291, "von_neumann": 0.01749194599688053}