{"overlap": 0.43048059940338135, "von_neumann": 0.10104109346866608}