{"overlap": 0.34171733260154724, "von_neumann": 0.27837005257606506}