{"overlap": 0.5640788078308105, "von_neumann": 0.196964830160141}