{"overlap": 0.3741784393787384, "von_neumann": 0.29818230867385864}