{"overlap": 0.40100425481796265, "von_neumann": 0.7069921493530273}