{"overlap": 0.3012816905975342, "von_neumann": 0.9644654393196106}