{"overlap": 0.17708846926689148, "von_neumann": 1.3991596698760986}