{"overlap": 0.43570536375045776, "von_neumann": 0.7023126482963562}