{"overlap": 0.27649974822998047, "von_neumann": 0.9480283260345459}