{"overlap": 0.21645072102546692, "von_neumann": 1.2601276636123657}