{"overlap": 0.16877886652946472, "von_neumann": 2.056338310241699}