{"overlap": 0.18860982358455658, "von_neumann": 1.319094181060791}