{"overlap": 0.19123050570487976, "von_neumann": 1.820641040802002}