{"overlap": 0.39259254932403564, "von_neumann": 0.7422919869422913}