{"overlap": 0.33078718185424805, "von_neumann": 0.43986696004867554}