{"overlap": 0.27311909198760986, "von_neumann": 1.8830549716949463}