{"overlap": 0.27058571577072144, "von_neumann": 1.529575228691101}