{"overlap": 0.30384546518325806, "von_neumann": 0.663253664970398}