{"overlap": 0.4802817404270172, "von_neumann": 0.19495424628257751}