{"overlap": 0.5272932648658752, "von_neumann": 0.26267507672309875}