{"overlap": 0.1707279235124588, "von_neumann": 1.3362300395965576}