{"overlap": 0.20271477103233337, "von_neumann": 0.9402409791946411}