{"overlap": 0.3963793218135834, "von_neumann": 0.623104989528656}