{"overlap": 0.33553385734558105, "von_neumann": 0.8753365278244019}