{"overlap": 0.33469539880752563, "von_neumann": 0.6237730383872986}