{"overlap": 0.34036460518836975, "von_neumann": 0.7109699249267578}