{"overlap": 0.26547709107398987, "von_neumann": 0.9026597738265991}