{"overlap": 0.29795122146606445, "von_neumann": 1.4058253765106201}