{"overlap": 0.2737460136413574, "von_neumann": 1.195131778717041}