{"overlap": 0.34261029958724976, "von_neumann": 0.7086287140846252}