{"overlap": 0.4925993084907532, "von_neumann": 0.4794706702232361}