{"overlap": 0.21486997604370117, "von_neumann": 1.505138635635376}