{"overlap": 0.2848401963710785, "von_neumann": 0.8370926380157471}