{"overlap": 0.1822381168603897, "von_neumann": 1.3511617183685303}