{"overlap": 0.24368581175804138, "von_neumann": 1.0976266860961914}