{"overlap": 0.4651813209056854, "von_neumann": 0.2678104043006897}