{"overlap": 0.28121840953826904, "von_neumann": 0.6165199279785156}