{"overlap": 0.3502396047115326, "von_neumann": 0.1654272824525833}