{"overlap": 0.16074442863464355, "von_neumann": 1.8821722269058228}