{"overlap": 0.17834773659706116, "von_neumann": 1.9706666469573975}