{"overlap": 0.48417121171951294, "von_neumann": 0.24413920938968658}