{"overlap": 0.3317107558250427, "von_neumann": 0.45776620507240295}