{"overlap": 0.3522147834300995, "von_neumann": 0.24668726325035095}