{"overlap": 0.4150224030017853, "von_neumann": 0.48592010140419006}