{"overlap": 0.2176513671875, "von_neumann": 1.0239626169204712}