{"overlap": 0.1511804759502411, "von_neumann": 1.3898683786392212}