{"overlap": 0.7120768427848816, "von_neumann": 0.1513851284980774}