{"overlap": 0.5301092267036438, "von_neumann": 0.1625860631465912}