{"overlap": 0.36987900733947754, "von_neumann": 0.6409120559692383}