{"overlap": 0.25872570276260376, "von_neumann": 0.9677163362503052}