{"overlap": 0.21656769514083862, "von_neumann": 1.6981256008148193}