{"overlap": 0.523670494556427, "von_neumann": 0.004668231587857008}