{"overlap": 0.17640715837478638, "von_neumann": 1.8558955192565918}