{"overlap": 0.21914058923721313, "von_neumann": 0.7960399389266968}