{"overlap": 0.21972548961639404, "von_neumann": 1.793793797492981}