{"overlap": 0.2706522047519684, "von_neumann": 0.9502575397491455}