{"overlap": 0.26109209656715393, "von_neumann": 1.374374270439148}