{"overlap": 0.20061978697776794, "von_neumann": 1.4804723262786865}