{"overlap": 0.16535769402980804, "von_neumann": 1.6651227474212646}