{"overlap": 0.37948155403137207, "von_neumann": 0.45057213306427}