{"overlap": 0.789429247379303, "von_neumann": 0.03572305291891098}