{"overlap": 0.3111197054386139, "von_neumann": 1.3011465072631836}