{"overlap": 0.5651477575302124, "von_neumann": 0.010328632779419422}