{"overlap": 0.24988625943660736, "von_neumann": 1.3394138813018799}