{"overlap": 0.29810380935668945, "von_neumann": 0.6693847179412842}