{"overlap": 0.18623118102550507, "von_neumann": 1.7986063957214355}