{"overlap": 0.5222833156585693, "von_neumann": 0.02511712536215782}