{"overlap": 0.18691255152225494, "von_neumann": 1.7097854614257812}