{"overlap": 0.1528215855360031, "von_neumann": 1.6146230697631836}