{"overlap": 0.21029037237167358, "von_neumann": 1.0155352354049683}