{"overlap": 0.2182064801454544, "von_neumann": 1.985718011856079}