{"overlap": 0.19699738919734955, "von_neumann": 0.7212215065956116}