{"overlap": 0.22278717160224915, "von_neumann": 0.4420306384563446}