{"overlap": 0.23460057377815247, "von_neumann": 1.376359224319458}