{"overlap": 0.18235667049884796, "von_neumann": 1.8435053825378418}