{"overlap": 0.1708149015903473, "von_neumann": 2.0969367027282715}