{"overlap": 0.18790702521800995, "von_neumann": 1.7242976427078247}