{"overlap": 0.3676098883152008, "von_neumann": 0.7916314601898193}