{"overlap": 0.46821480989456177, "von_neumann": 0.0443866066634655}