{"overlap": 0.3879064619541168, "von_neumann": 0.10161864012479782}