{"overlap": 0.34334564208984375, "von_neumann": 0.8240681886672974}