{"overlap": 0.16558369994163513, "von_neumann": 2.0415451526641846}