{"overlap": 0.3189629316329956, "von_neumann": 1.3786091804504395}