{"overlap": 0.4033604860305786, "von_neumann": 0.7267791628837585}