{"overlap": 0.5542159676551819, "von_neumann": 0.10811793804168701}