{"overlap": 0.575249433517456, "von_neumann": 0.00368988374248147}