{"overlap": 0.46633318066596985, "von_neumann": 0.6170222759246826}