{"overlap": 0.3842163681983948, "von_neumann": 0.7478994131088257}