{"overlap": 0.34829556941986084, "von_neumann": 0.20661363005638123}