{"overlap": 0.43875405192375183, "von_neumann": 0.6041808724403381}