{"overlap": 0.25504758954048157, "von_neumann": 0.9882841110229492}