{"overlap": 0.16491055488586426, "von_neumann": 1.860013484954834}