{"overlap": 0.1397177129983902, "von_neumann": 2.092254161834717}