{"overlap": 0.2284354269504547, "von_neumann": 1.0098953247070312}