{"overlap": 0.19313740730285645, "von_neumann": 0.2944720983505249}