{"overlap": 0.28892603516578674, "von_neumann": 1.255961537361145}