{"overlap": 0.5254946351051331, "von_neumann": 0.8411223292350769}