{"overlap": 0.39225253462791443, "von_neumann": 0.10952292382717133}