{"overlap": 0.5314919948577881, "von_neumann": 0.16048286855220795}