{"overlap": 0.30609673261642456, "von_neumann": 0.8760437965393066}