{"overlap": 0.406154602766037, "von_neumann": 0.3942612409591675}