{"overlap": 0.20295092463493347, "von_neumann": 1.6633625030517578}