{"overlap": 0.5354913473129272, "von_neumann": 0.33540239930152893}