{"overlap": 0.3197057247161865, "von_neumann": 1.2256349325180054}