{"overlap": 0.34087806940078735, "von_neumann": 0.6612107753753662}