{"overlap": 0.18318963050842285, "von_neumann": 1.812732458114624}