{"overlap": 0.24880872666835785, "von_neumann": 1.3275989294052124}