{"overlap": 0.4152175486087799, "von_neumann": 0.8329728841781616}