{"overlap": 0.29019224643707275, "von_neumann": 0.9454451203346252}