{"overlap": 0.248975470662117, "von_neumann": 1.562389850616455}