{"overlap": 0.2130519151687622, "von_neumann": 0.8172865509986877}