{"overlap": 0.43968337774276733, "von_neumann": 0.5336124300956726}