{"overlap": 0.5374888777732849, "von_neumann": 0.06487477570772171}