{"overlap": 0.4407094717025757, "von_neumann": 0.48040199279785156}