{"overlap": 0.45024117827415466, "von_neumann": 0.1942419409751892}