{"overlap": 0.1783081740140915, "von_neumann": 1.1182538270950317}