{"overlap": 0.27348747849464417, "von_neumann": 1.2610782384872437}