{"overlap": 0.39932921528816223, "von_neumann": 0.46478864550590515}