{"overlap": 0.17742347717285156, "von_neumann": 0.9937016367912292}