{"overlap": 0.2024451345205307, "von_neumann": 1.3100149631500244}