{"overlap": 0.2411210834980011, "von_neumann": 1.1334357261657715}