{"overlap": 0.5094466209411621, "von_neumann": 0.205501526594162}