{"overlap": 0.34763795137405396, "von_neumann": 0.870524525642395}