{"overlap": 0.2972981631755829, "von_neumann": 1.1795439720153809}