{"overlap": 0.2109995186328888, "von_neumann": 1.195081353187561}