{"overlap": 0.2803172469139099, "von_neumann": 1.029341697692871}