{"overlap": 0.18491137027740479, "von_neumann": 1.8558235168457031}