{"overlap": 0.47373566031455994, "von_neumann": 0.22965727746486664}