{"overlap": 0.3588070869445801, "von_neumann": 0.4143325090408325}