{"overlap": 0.4638020098209381, "von_neumann": 0.0003092182450927794}