{"overlap": 0.37239721417427063, "von_neumann": 0.17098723351955414}