{"overlap": 0.25867345929145813, "von_neumann": 0.1890105903148651}