{"overlap": 0.4354879856109619, "von_neumann": 0.03254076838493347}