{"overlap": 0.30860647559165955, "von_neumann": 0.7211698889732361}