{"overlap": 0.20514217019081116, "von_neumann": 1.4842338562011719}