{"overlap": 0.19368976354599, "von_neumann": 1.8018091917037964}