{"overlap": 0.4538474380970001, "von_neumann": 0.2344907820224762}