{"overlap": 0.1803080141544342, "von_neumann": 1.7090489864349365}