{"overlap": 0.24246995151042938, "von_neumann": 1.7342010736465454}