{"overlap": 0.6035921573638916, "von_neumann": 0.051945384591817856}