{"overlap": 0.21615652740001678, "von_neumann": 0.8792886137962341}