{"overlap": 0.28287017345428467, "von_neumann": 0.2512051463127136}