{"overlap": 0.2647581100463867, "von_neumann": 0.5099645853042603}