{"overlap": 0.29472509026527405, "von_neumann": 0.8891270756721497}