{"overlap": 0.3758147656917572, "von_neumann": 0.20561081171035767}