{"overlap": 0.4860312342643738, "von_neumann": 0.08081750571727753}