{"overlap": 0.20289841294288635, "von_neumann": 1.7047621011734009}