{"overlap": 0.3093720078468323, "von_neumann": 0.8134709000587463}