{"overlap": 0.4242706298828125, "von_neumann": 0.6517232656478882}