{"overlap": 0.18467853963375092, "von_neumann": 2.050544500350952}