{"overlap": 0.4697079360485077, "von_neumann": 0.051580701023340225}