{"overlap": 0.22116313874721527, "von_neumann": 1.855832815170288}