{"overlap": 0.3013222813606262, "von_neumann": 0.35995033383369446}