{"overlap": 0.16393600404262543, "von_neumann": 2.015045642852783}