{"overlap": 0.4418848156929016, "von_neumann": 0.10225432366132736}