{"overlap": 0.2984880208969116, "von_neumann": 1.1304632425308228}