{"overlap": 0.21355722844600677, "von_neumann": 1.4022750854492188}