{"overlap": 0.4286439120769501, "von_neumann": 0.11478181183338165}