{"overlap": 0.6458218693733215, "von_neumann": 0.0033289031125605106}