{"overlap": 0.20820435881614685, "von_neumann": 1.3893067836761475}