{"overlap": 0.38598400354385376, "von_neumann": 0.3106970191001892}