{"overlap": 0.2569565176963806, "von_neumann": 0.7279232740402222}