{"overlap": 0.40582093596458435, "von_neumann": 0.00830768421292305}