{"overlap": 0.5019165873527527, "von_neumann": 0.08705605566501617}