{"overlap": 0.5625512003898621, "von_neumann": 0.619873046875}