{"overlap": 0.2653556168079376, "von_neumann": 1.156651496887207}