{"overlap": 0.21406076848506927, "von_neumann": 1.836771011352539}