{"overlap": 0.43596509099006653, "von_neumann": 0.7074554562568665}