{"overlap": 0.37205857038497925, "von_neumann": 0.43824392557144165}