{"overlap": 0.29352089762687683, "von_neumann": 0.6511284112930298}