{"overlap": 0.211839497089386, "von_neumann": 1.6098964214324951}