{"overlap": 0.4205121397972107, "von_neumann": 0.031024690717458725}