{"overlap": 0.16635483503341675, "von_neumann": 1.4526174068450928}