{"overlap": 0.28200316429138184, "von_neumann": 0.8384479284286499}