{"overlap": 0.25039470195770264, "von_neumann": 1.266730546951294}