{"overlap": 0.16011959314346313, "von_neumann": 1.5413861274719238}