{"overlap": 0.5866163372993469, "von_neumann": 0.14117395877838135}