{"overlap": 0.6059783697128296, "von_neumann": 0.23043212294578552}