{"overlap": 0.1366875022649765, "von_neumann": 1.714200735092163}