{"overlap": 0.21488405764102936, "von_neumann": 1.1649374961853027}