{"overlap": 0.6426282525062561, "von_neumann": 0.2098015397787094}