{"overlap": 0.4829784333705902, "von_neumann": 0.3774415850639343}