{"overlap": 0.3851431906223297, "von_neumann": 0.18921324610710144}