{"overlap": 0.368581622838974, "von_neumann": 0.4151359796524048}