{"overlap": 0.21156659722328186, "von_neumann": 1.6252667903900146}