{"overlap": 0.3215119540691376, "von_neumann": 0.23728296160697937}