{"overlap": 0.2966682016849518, "von_neumann": 0.4165111184120178}