{"overlap": 0.5555769205093384, "von_neumann": 0.39301976561546326}