{"overlap": 0.35010069608688354, "von_neumann": 0.49777209758758545}