{"overlap": 0.3893846869468689, "von_neumann": 0.41009169816970825}