{"overlap": 0.21641141176223755, "von_neumann": 1.2276601791381836}