{"overlap": 0.26113906502723694, "von_neumann": 0.9158377051353455}