{"overlap": 0.5137891173362732, "von_neumann": 0.14742672443389893}