{"overlap": 0.23581713438034058, "von_neumann": 1.1658693552017212}