{"overlap": 0.1957579404115677, "von_neumann": 1.653149127960205}