{"overlap": 0.3636481761932373, "von_neumann": 0.4639754891395569}