{"overlap": 0.422718346118927, "von_neumann": 0.11975494772195816}