{"overlap": 0.3908245861530304, "von_neumann": 1.0140103101730347}