{"overlap": 0.4225744605064392, "von_neumann": 0.4330419898033142}