{"overlap": 0.343657523393631, "von_neumann": 1.013828992843628}