{"overlap": 0.42859557271003723, "von_neumann": 0.26569804549217224}