{"overlap": 0.46031734347343445, "von_neumann": 0.006669067777693272}