{"overlap": 0.2211414873600006, "von_neumann": 1.4537206888198853}