{"overlap": 0.23334039747714996, "von_neumann": 1.5430551767349243}