{"overlap": 0.18848097324371338, "von_neumann": 1.6433225870132446}