{"overlap": 0.2788809537887573, "von_neumann": 0.8188869953155518}