{"overlap": 0.5324081778526306, "von_neumann": 0.25299087166786194}