{"overlap": 0.5435063242912292, "von_neumann": 0.3980754017829895}