{"overlap": 0.39044317603111267, "von_neumann": 0.008207662031054497}