{"overlap": 0.36391571164131165, "von_neumann": 0.908538281917572}