{"overlap": 0.13658812642097473, "von_neumann": 2.004335403442383}