{"overlap": 0.42798638343811035, "von_neumann": 0.46854719519615173}