{"overlap": 0.35125645995140076, "von_neumann": 0.6440099477767944}