{"overlap": 0.2654460072517395, "von_neumann": 1.1798975467681885}