{"overlap": 0.18159708380699158, "von_neumann": 1.696254849433899}