{"overlap": 0.3930530846118927, "von_neumann": 0.43774157762527466}