{"overlap": 0.2129942625761032, "von_neumann": 1.0675911903381348}