{"overlap": 0.3717939257621765, "von_neumann": 0.5927770137786865}