{"overlap": 0.28392598032951355, "von_neumann": 0.8684221506118774}