{"overlap": 0.2769416570663452, "von_neumann": 0.31687358021736145}