{"overlap": 0.23869401216506958, "von_neumann": 1.003498911857605}