{"overlap": 0.29346713423728943, "von_neumann": 0.9141749739646912}