{"overlap": 0.22709080576896667, "von_neumann": 1.1699155569076538}