{"overlap": 0.4145778715610504, "von_neumann": 0.008508731611073017}