{"overlap": 0.2533338963985443, "von_neumann": 1.181164264678955}