{"overlap": 0.6316089034080505, "von_neumann": 0.11862075328826904}