{"overlap": 0.31425750255584717, "von_neumann": 0.6306792497634888}