{"overlap": 0.25697556138038635, "von_neumann": 1.0383150577545166}