{"overlap": 0.17573021352291107, "von_neumann": 1.546420693397522}