{"overlap": 0.18664401769638062, "von_neumann": 1.9212195873260498}