{"overlap": 0.20517592132091522, "von_neumann": 1.8706557750701904}