{"overlap": 0.5005262494087219, "von_neumann": 0.12721340358257294}