{"overlap": 0.37725868821144104, "von_neumann": 0.5302635431289673}