{"overlap": 0.2576327919960022, "von_neumann": 0.5091973543167114}