{"overlap": 0.2345450520515442, "von_neumann": 1.0206224918365479}