{"overlap": 0.21926407516002655, "von_neumann": 1.4372608661651611}