{"overlap": 0.20200684666633606, "von_neumann": 1.8745218515396118}