{"overlap": 0.41412797570228577, "von_neumann": 0.029222914949059486}