{"overlap": 0.1938501000404358, "von_neumann": 1.8402153253555298}