{"overlap": 0.5696601271629333, "von_neumann": 0.22098255157470703}