{"overlap": 0.19377198815345764, "von_neumann": 1.7272486686706543}