{"overlap": 0.2616364359855652, "von_neumann": 0.25667956471443176}