{"overlap": 0.2297978550195694, "von_neumann": 1.3601080179214478}