{"overlap": 0.2124760001897812, "von_neumann": 1.8133347034454346}