{"overlap": 0.42833828926086426, "von_neumann": 0.43911343812942505}