{"overlap": 0.3636826276779175, "von_neumann": 0.7653871774673462}