{"overlap": 0.3301261067390442, "von_neumann": 0.29127037525177}