{"overlap": 0.2406294196844101, "von_neumann": 1.4622786045074463}