{"overlap": 0.22866658866405487, "von_neumann": 1.3830592632293701}