{"overlap": 0.8916255831718445, "von_neumann": 0.0004600861866492778}