{"overlap": 0.22517937421798706, "von_neumann": 1.4886882305145264}