{"overlap": 0.4110414981842041, "von_neumann": 0.4044858515262604}