{"overlap": 0.3097234070301056, "von_neumann": 1.275514841079712}