{"overlap": 0.3001354932785034, "von_neumann": 0.11319059133529663}