{"overlap": 0.370766818523407, "von_neumann": 1.0014008283615112}