{"overlap": 0.19555099308490753, "von_neumann": 1.6126391887664795}