{"overlap": 0.3078817129135132, "von_neumann": 0.7417120337486267}