{"overlap": 0.21735557913780212, "von_neumann": 1.7335801124572754}