{"overlap": 0.4213564097881317, "von_neumann": 0.1939498633146286}