{"overlap": 0.3414249122142792, "von_neumann": 0.4086535573005676}