{"overlap": 0.3699737787246704, "von_neumann": 0.28950729966163635}