{"overlap": 0.1977703720331192, "von_neumann": 1.6854743957519531}