{"overlap": 0.5306437611579895, "von_neumann": 0.14348655939102173}