{"overlap": 0.37059372663497925, "von_neumann": 1.0758994817733765}