{"overlap": 0.24834172427654266, "von_neumann": 1.3925142288208008}