{"overlap": 0.1845375895500183, "von_neumann": 1.5846532583236694}