{"overlap": 0.21900030970573425, "von_neumann": 1.5098267793655396}