{"overlap": 0.2377760112285614, "von_neumann": 1.4542975425720215}