{"overlap": 0.24619817733764648, "von_neumann": 0.7170329093933105}