{"overlap": 0.35163581371307373, "von_neumann": 0.7660281658172607}