{"overlap": 0.311247318983078, "von_neumann": 1.4065184593200684}