{"overlap": 0.3682301640510559, "von_neumann": 0.6973702907562256}