{"overlap": 0.3547922670841217, "von_neumann": 0.07322856783866882}