{"overlap": 0.6739112734794617, "von_neumann": 0.07103010267019272}