{"overlap": 0.28169959783554077, "von_neumann": 0.9337924122810364}