{"overlap": 0.713118314743042, "von_neumann": 0.1007445827126503}