{"overlap": 0.6591142416000366, "von_neumann": 0.09230641275644302}