{"overlap": 0.2630212903022766, "von_neumann": 1.4728314876556396}