{"overlap": 0.23601453006267548, "von_neumann": 1.6522990465164185}