{"overlap": 0.43064844608306885, "von_neumann": 0.5058656930923462}