{"overlap": 0.5533146262168884, "von_neumann": 0.24881312251091003}