{"overlap": 0.3037678897380829, "von_neumann": 0.25824570655822754}