{"overlap": 0.17103077471256256, "von_neumann": 2.0168275833129883}