{"overlap": 2.7354108169674873e-06, "von_neumann": 0.12736600637435913}