{"overlap": 0.40224647521972656, "von_neumann": 1.0075193643569946}