{"overlap": 0.28603222966194153, "von_neumann": 1.3207513093948364}