{"overlap": 0.3005997836589813, "von_neumann": 0.1915809065103531}