{"overlap": 0.242013081908226, "von_neumann": 0.9031064510345459}