{"overlap": 0.27711349725723267, "von_neumann": 0.6555390357971191}