{"overlap": 0.20084832608699799, "von_neumann": 1.5639293193817139}