{"overlap": 0.24954603612422943, "von_neumann": 0.9441680908203125}