{"overlap": 0.27816644310951233, "von_neumann": 0.5880391597747803}