{"overlap": 0.2401077151298523, "von_neumann": 1.538736343383789}