{"overlap": 0.28053778409957886, "von_neumann": 0.739833652973175}