{"overlap": 0.35290250182151794, "von_neumann": 0.5337933301925659}