{"overlap": 0.22789689898490906, "von_neumann": 1.8906852006912231}