{"overlap": 0.38773947954177856, "von_neumann": 0.6118234992027283}