{"overlap": 0.21649667620658875, "von_neumann": 1.088667869567871}