{"overlap": 0.3117455840110779, "von_neumann": 0.14138276875019073}