{"overlap": 0.23627416789531708, "von_neumann": 1.3783570528030396}