{"overlap": 0.4123973846435547, "von_neumann": 0.5157397389411926}