{"overlap": 0.4391959011554718, "von_neumann": 0.24285925924777985}