{"overlap": 0.16787312924861908, "von_neumann": 1.8017768859863281}