{"overlap": 0.16229280829429626, "von_neumann": 1.6967679262161255}