{"overlap": 0.1692899614572525, "von_neumann": 1.8758344650268555}