{"overlap": 0.1935030072927475, "von_neumann": 1.3705146312713623}