{"overlap": 0.1850803792476654, "von_neumann": 0.20476090908050537}