{"overlap": 0.20940561592578888, "von_neumann": 0.4400777816772461}