{"overlap": 0.28653383255004883, "von_neumann": 1.031916856765747}