{"overlap": 0.3765961825847626, "von_neumann": 0.087246373295784}