{"overlap": 0.2906642258167267, "von_neumann": 0.29190385341644287}