{"overlap": 0.1888708621263504, "von_neumann": 1.7552778720855713}