{"overlap": 0.39275798201560974, "von_neumann": 0.18488818407058716}