{"overlap": 0.17067553102970123, "von_neumann": 1.7558159828186035}