{"overlap": 0.29699259996414185, "von_neumann": 0.4056019186973572}