{"overlap": 0.2273273915052414, "von_neumann": 1.3382045030593872}