{"overlap": 0.21927054226398468, "von_neumann": 0.5973876118659973}