{"overlap": 0.1868373304605484, "von_neumann": 1.81520414352417}