{"overlap": 3.870401997119188e-06, "von_neumann": 0.040350914001464844}