{"overlap": 0.33247050642967224, "von_neumann": 0.8225723505020142}