{"overlap": 0.2106727659702301, "von_neumann": 0.6091638803482056}