{"overlap": 0.2221812754869461, "von_neumann": 1.7160513401031494}