{"overlap": 0.3385137617588043, "von_neumann": 0.6548547744750977}