{"overlap": 0.5089125633239746, "von_neumann": 0.29647552967071533}