{"overlap": 0.5440524816513062, "von_neumann": 0.0731271281838417}