{"overlap": 0.21954835951328278, "von_neumann": 0.9567700624465942}