{"overlap": 0.3267357647418976, "von_neumann": 0.11843497306108475}