{"overlap": 0.1840270608663559, "von_neumann": 1.7500231266021729}