{"overlap": 0.22039362788200378, "von_neumann": 0.7462790608406067}