{"overlap": 0.18999549746513367, "von_neumann": 1.869717001914978}