{"overlap": 0.2754952311515808, "von_neumann": 1.1493343114852905}