{"overlap": 0.3393653333187103, "von_neumann": 0.8860656023025513}