{"overlap": 0.1517450511455536, "von_neumann": 2.10002064704895}