{"overlap": 0.2880963087081909, "von_neumann": 0.8246782422065735}