{"overlap": 0.5083287954330444, "von_neumann": 0.13482680916786194}