{"overlap": 0.2605087459087372, "von_neumann": 1.5892763137817383}