{"overlap": 0.37774989008903503, "von_neumann": 0.002866927534341812}