{"overlap": 0.194132462143898, "von_neumann": 1.481162428855896}