{"overlap": 0.35097751021385193, "von_neumann": 1.2400497198104858}