{"overlap": 0.18641850352287292, "von_neumann": 1.3553484678268433}