{"overlap": 0.22259335219860077, "von_neumann": 0.8629613518714905}