{"overlap": 0.361473023891449, "von_neumann": 0.3491538166999817}