{"overlap": 0.23886185884475708, "von_neumann": 0.8559622764587402}