{"overlap": 0.4753560423851013, "von_neumann": 0.5869584679603577}