{"overlap": 0.32640933990478516, "von_neumann": 0.4586537480354309}