{"overlap": 0.2969864308834076, "von_neumann": 1.2522140741348267}