{"overlap": 0.35110002756118774, "von_neumann": 0.4417057931423187}