{"overlap": 0.24490028619766235, "von_neumann": 1.4778192043304443}