{"overlap": 0.19118456542491913, "von_neumann": 1.48610520362854}