{"overlap": 0.24648715555667877, "von_neumann": 0.7024825215339661}