{"overlap": 0.5547793507575989, "von_neumann": 0.06858236342668533}