{"overlap": 0.18291395902633667, "von_neumann": 1.524049997329712}