{"overlap": 0.5145185589790344, "von_neumann": 0.17266759276390076}