{"overlap": 0.27951088547706604, "von_neumann": 0.6761291027069092}