{"overlap": 0.18912969529628754, "von_neumann": 1.7259116172790527}