{"overlap": 0.16735391318798065, "von_neumann": 2.0145955085754395}