{"overlap": 0.3429712951183319, "von_neumann": 0.8868839144706726}