{"overlap": 0.43281787633895874, "von_neumann": 0.33453381061553955}