{"overlap": 0.26479315757751465, "von_neumann": 0.3370436429977417}