{"overlap": 0.19421184062957764, "von_neumann": 1.856858253479004}