{"overlap": 0.15828999876976013, "von_neumann": 1.8677372932434082}