{"overlap": 0.6367900371551514, "von_neumann": 0.027144145220518112}