{"overlap": 0.49749085307121277, "von_neumann": 0.06304895132780075}