{"overlap": 0.46495622396469116, "von_neumann": 0.6795414686203003}