{"overlap": 0.36869871616363525, "von_neumann": 0.1945594847202301}