{"overlap": 0.7707793712615967, "von_neumann": 0.015933990478515625}