{"overlap": 0.4235355257987976, "von_neumann": 0.363601952791214}