{"overlap": 0.18213050067424774, "von_neumann": 1.7008957862854004}