{"overlap": 0.33945924043655396, "von_neumann": 0.34837377071380615}