{"overlap": 0.28099679946899414, "von_neumann": 1.1063108444213867}