{"overlap": 0.31632646918296814, "von_neumann": 0.10873684287071228}