{"overlap": 0.208924800157547, "von_neumann": 1.8905980587005615}