{"overlap": 0.21677836775779724, "von_neumann": 1.3419415950775146}