{"overlap": 0.24804601073265076, "von_neumann": 1.3740397691726685}