{"overlap": 0.2143377810716629, "von_neumann": 1.453256607055664}