{"overlap": 0.36407381296157837, "von_neumann": 0.30509117245674133}