{"overlap": 0.3319726288318634, "von_neumann": 0.49319830536842346}