{"overlap": 0.19403162598609924, "von_neumann": 1.9388694763183594}