{"overlap": 0.27449801564216614, "von_neumann": 0.5892660021781921}