{"overlap": 0.3551793396472931, "von_neumann": 0.5671866536140442}