{"overlap": 0.3050066828727722, "von_neumann": 0.2637239992618561}