{"overlap": 0.16503112018108368, "von_neumann": 1.7818931341171265}