{"overlap": 0.2639753818511963, "von_neumann": 1.1535439491271973}