{"overlap": 0.3872554302215576, "von_neumann": 0.22966450452804565}