{"overlap": 0.26079046726226807, "von_neumann": 1.1532989740371704}