{"overlap": 0.37826216220855713, "von_neumann": 0.3864927589893341}