{"overlap": 0.3454805910587311, "von_neumann": 0.5358660221099854}