{"overlap": 0.18876637518405914, "von_neumann": 1.6671168804168701}