{"overlap": 0.2717151641845703, "von_neumann": 0.6345087289810181}