{"overlap": 0.6869282722473145, "von_neumann": 0.050060346722602844}