{"overlap": 0.5909261703491211, "von_neumann": 0.15518192946910858}