{"overlap": 0.23246344923973083, "von_neumann": 0.5064733028411865}