{"overlap": 0.23710061609745026, "von_neumann": 0.8392444849014282}