{"overlap": 0.25734519958496094, "von_neumann": 1.4287034273147583}