{"overlap": 0.3866911828517914, "von_neumann": 0.18079638481140137}