{"overlap": 0.23937508463859558, "von_neumann": 0.36268964409828186}