{"overlap": 0.3386539816856384, "von_neumann": 0.36887305974960327}