{"overlap": 0.18560343980789185, "von_neumann": 1.500885009765625}