{"overlap": 0.6458577513694763, "von_neumann": 0.16861602663993835}