{"overlap": 0.19570216536521912, "von_neumann": 1.5495593547821045}