{"overlap": 0.32628968358039856, "von_neumann": 0.7385048270225525}