{"overlap": 0.3033294081687927, "von_neumann": 0.05270179361104965}