{"overlap": 0.2900509238243103, "von_neumann": 1.4913161993026733}