{"overlap": 0.24679724872112274, "von_neumann": 1.1339662075042725}