{"overlap": 0.18328776955604553, "von_neumann": 1.677426815032959}