{"overlap": 0.17756295204162598, "von_neumann": 1.7954076528549194}