{"overlap": 0.2843577265739441, "von_neumann": 0.5671177506446838}