{"overlap": 0.41451990604400635, "von_neumann": 0.2312232106924057}