{"overlap": 0.3184102773666382, "von_neumann": 0.8628392219543457}