{"overlap": 0.29937806725502014, "von_neumann": 1.3509981632232666}