{"overlap": 0.21133127808570862, "von_neumann": 1.4266718626022339}