{"overlap": 0.3942621052265167, "von_neumann": 0.6213958859443665}