{"overlap": 0.2802123725414276, "von_neumann": 0.1916954517364502}