{"overlap": 0.2999041676521301, "von_neumann": 1.1919152736663818}