{"overlap": 0.30937016010284424, "von_neumann": 0.6955751180648804}