{"overlap": 0.35508885979652405, "von_neumann": 1.2007665634155273}