{"overlap": 0.24436086416244507, "von_neumann": 1.2471935749053955}