{"overlap": 0.5393688678741455, "von_neumann": 0.029641281813383102}