{"overlap": 0.20459987223148346, "von_neumann": 1.5392159223556519}