{"overlap": 0.18054218590259552, "von_neumann": 1.2819021940231323}