{"overlap": 0.217354878783226, "von_neumann": 1.9909783601760864}