{"overlap": 0.23757308721542358, "von_neumann": 1.6343412399291992}