{"overlap": 0.45730724930763245, "von_neumann": 0.15274393558502197}