{"overlap": 0.24528531730175018, "von_neumann": 0.3801026940345764}