{"overlap": 0.33211931586265564, "von_neumann": 0.9379362463951111}