{"overlap": 0.24626314640045166, "von_neumann": 1.4489163160324097}