{"overlap": 0.21464157104492188, "von_neumann": 1.4959993362426758}