{"overlap": 0.22403913736343384, "von_neumann": 1.448969841003418}