{"overlap": 0.38498619198799133, "von_neumann": 0.2478407919406891}