{"overlap": 0.44536054134368896, "von_neumann": 0.5251793265342712}