{"overlap": 0.3778590261936188, "von_neumann": 0.7414661645889282}