{"overlap": 0.15497711300849915, "von_neumann": 2.0596437454223633}