{"overlap": 0.2857690155506134, "von_neumann": 0.9839937090873718}