{"overlap": 0.5106021761894226, "von_neumann": 0.14406700432300568}