{"overlap": 0.3561997711658478, "von_neumann": 1.1219826936721802}