{"overlap": 0.15154077112674713, "von_neumann": 1.7058939933776855}