{"overlap": 0.28587016463279724, "von_neumann": 1.0944944620132446}