{"overlap": 0.45547857880592346, "von_neumann": 0.4479634165763855}