{"overlap": 0.3031505346298218, "von_neumann": 0.9120492935180664}