{"overlap": 0.21053270995616913, "von_neumann": 1.6528785228729248}