{"overlap": 0.2886761724948883, "von_neumann": 1.533416509628296}