{"overlap": 0.26378265023231506, "von_neumann": 0.8522064685821533}