{"overlap": 0.30397385358810425, "von_neumann": 0.6241575479507446}