{"overlap": 0.21450376510620117, "von_neumann": 1.0224730968475342}