{"overlap": 0.3211083710193634, "von_neumann": 1.018402099609375}