{"overlap": 0.250687837600708, "von_neumann": 1.3137366771697998}