{"overlap": 0.27310338616371155, "von_neumann": 1.0787941217422485}