{"overlap": 0.36817091703414917, "von_neumann": 0.4875008761882782}