{"overlap": 0.3806338310241699, "von_neumann": 1.0759429931640625}