{"overlap": 0.23158931732177734, "von_neumann": 1.226945400238037}