{"overlap": 0.23405972123146057, "von_neumann": 1.233234167098999}