{"overlap": 0.361289918422699, "von_neumann": 0.5169627666473389}