{"overlap": 0.45575475692749023, "von_neumann": 0.23701661825180054}