{"overlap": 0.2681066393852234, "von_neumann": 1.6310780048370361}