{"overlap": 0.20960065722465515, "von_neumann": 0.16033072769641876}