{"overlap": 0.17597773671150208, "von_neumann": 1.3132877349853516}