{"overlap": 0.1926897019147873, "von_neumann": 2.0513792037963867}