{"overlap": 0.20889140665531158, "von_neumann": 1.3483010530471802}