{"overlap": 0.22898046672344208, "von_neumann": 1.4748154878616333}