{"overlap": 0.42585301399230957, "von_neumann": 0.024266093969345093}