{"overlap": 0.37110966444015503, "von_neumann": 1.1036701202392578}