{"overlap": 0.6412225961685181, "von_neumann": 0.26258784532546997}