{"overlap": 0.33251842856407166, "von_neumann": 0.1449083387851715}