{"overlap": 0.21050593256950378, "von_neumann": 1.4638348817825317}