{"overlap": 0.3594593107700348, "von_neumann": 0.5105544924736023}