{"overlap": 0.18696443736553192, "von_neumann": 1.7494267225265503}