{"overlap": 0.3462633788585663, "von_neumann": 0.1534319370985031}