{"overlap": 0.21438796818256378, "von_neumann": 1.3040227890014648}