{"overlap": 0.2588011920452118, "von_neumann": 0.9346534609794617}