{"overlap": 0.37634164094924927, "von_neumann": 0.5786041021347046}