{"overlap": 0.2589264512062073, "von_neumann": 0.9341638088226318}