{"overlap": 0.2791863977909088, "von_neumann": 0.5727396011352539}