{"overlap": 0.34452080726623535, "von_neumann": 1.0628094673156738}