{"overlap": 0.20299194753170013, "von_neumann": 1.2772117853164673}