{"overlap": 0.2633392810821533, "von_neumann": 1.369354009628296}