{"overlap": 0.2390180081129074, "von_neumann": 1.2320414781570435}