{"overlap": 0.5545381307601929, "von_neumann": 0.06375332176685333}