{"overlap": 0.2940010726451874, "von_neumann": 1.358763337135315}