{"overlap": 0.22825564444065094, "von_neumann": 1.6255717277526855}