{"overlap": 0.24120843410491943, "von_neumann": 0.6067070960998535}