{"overlap": 0.17209786176681519, "von_neumann": 1.8355298042297363}