{"overlap": 0.2629927694797516, "von_neumann": 1.1133787631988525}