{"overlap": 0.48191264271736145, "von_neumann": 0.5310025811195374}