{"overlap": 0.17493659257888794, "von_neumann": 1.2843945026397705}