{"overlap": 0.21786858141422272, "von_neumann": 0.4059353470802307}