{"overlap": 0.19084922969341278, "von_neumann": 1.9024651050567627}