{"overlap": 0.20761804282665253, "von_neumann": 1.0226820707321167}