{"overlap": 0.19282777607440948, "von_neumann": 1.3038551807403564}