{"overlap": 0.40820109844207764, "von_neumann": 0.869532585144043}