{"overlap": 0.1707163155078888, "von_neumann": 1.8013052940368652}