{"overlap": 0.20275424420833588, "von_neumann": 1.7850240468978882}