{"overlap": 0.21995452046394348, "von_neumann": 1.6572074890136719}