{"overlap": 0.2344631403684616, "von_neumann": 1.2737982273101807}