{"overlap": 0.32472923398017883, "von_neumann": 0.5321207046508789}