{"overlap": 0.2376711666584015, "von_neumann": 1.08050537109375}