{"overlap": 0.20031730830669403, "von_neumann": 1.0358830690383911}