{"overlap": 0.20075301826000214, "von_neumann": 1.5571746826171875}