{"overlap": 0.3924843966960907, "von_neumann": 0.41739699244499207}