{"overlap": 0.4070575535297394, "von_neumann": 0.3228285610675812}