{"overlap": 0.18646712601184845, "von_neumann": 0.2516581416130066}