{"overlap": 0.2908644676208496, "von_neumann": 1.2998874187469482}