{"overlap": 0.5848875641822815, "von_neumann": 0.12555775046348572}