{"overlap": 0.4044814705848694, "von_neumann": 0.11489423364400864}