{"overlap": 0.3383252024650574, "von_neumann": 1.00579833984375}