{"overlap": 0.20438247919082642, "von_neumann": 1.3781533241271973}