{"overlap": 0.20969122648239136, "von_neumann": 1.2107582092285156}