{"overlap": 0.19529838860034943, "von_neumann": 1.6098909378051758}