{"overlap": 0.46938562393188477, "von_neumann": 0.14057615399360657}