{"overlap": 0.18581101298332214, "von_neumann": 1.8456217050552368}