{"overlap": 0.3166746497154236, "von_neumann": 1.1686956882476807}