{"overlap": 0.23894594609737396, "von_neumann": 1.0889536142349243}