{"overlap": 0.23398363590240479, "von_neumann": 1.332322120666504}