{"overlap": 0.2075476199388504, "von_neumann": 1.4687933921813965}