{"overlap": 0.2416955977678299, "von_neumann": 1.4509329795837402}