{"overlap": 0.4909094572067261, "von_neumann": 0.0587797574698925}