{"overlap": 0.33600547909736633, "von_neumann": 0.9301917552947998}