{"overlap": 0.21641559898853302, "von_neumann": 1.6584635972976685}