{"overlap": 0.29687681794166565, "von_neumann": 0.3314747214317322}