{"overlap": 0.5559808015823364, "von_neumann": 0.2678411602973938}