{"overlap": 0.6128442287445068, "von_neumann": 0.0014675725251436234}