{"overlap": 0.2836308479309082, "von_neumann": 0.6109763383865356}