{"overlap": 0.2797831594944, "von_neumann": 1.2960710525512695}