{"overlap": 0.32442644238471985, "von_neumann": 1.0895178318023682}