{"overlap": 0.1992814987897873, "von_neumann": 1.3057818412780762}