{"overlap": 0.1948309987783432, "von_neumann": 2.0729589462280273}