{"overlap": 0.2608084976673126, "von_neumann": 1.307145118713379}