{"overlap": 0.24291552603244781, "von_neumann": 0.6401649713516235}