{"overlap": 0.16310447454452515, "von_neumann": 1.8772121667861938}