{"overlap": 0.25232332944869995, "von_neumann": 0.5171831846237183}