{"overlap": 0.817234992980957, "von_neumann": 0.08321444690227509}