{"overlap": 0.2780725657939911, "von_neumann": 0.7389960289001465}