{"overlap": 0.26277706027030945, "von_neumann": 0.7662907838821411}