{"overlap": 0.25932836532592773, "von_neumann": 1.3543155193328857}