{"overlap": 0.30332159996032715, "von_neumann": 0.08168293535709381}