{"overlap": 0.2660222351551056, "von_neumann": 1.510441541671753}