{"overlap": 0.7263213992118835, "von_neumann": 0.1410377025604248}