{"overlap": 0.4866248071193695, "von_neumann": 0.3805071711540222}