{"overlap": 0.2490377128124237, "von_neumann": 0.4953877627849579}