{"overlap": 0.210167795419693, "von_neumann": 1.3350393772125244}