{"overlap": 0.21489423513412476, "von_neumann": 1.6362191438674927}