{"overlap": 0.4684472382068634, "von_neumann": 0.17483267188072205}