{"overlap": 0.24725651741027832, "von_neumann": 1.6243213415145874}