{"overlap": 0.18719007074832916, "von_neumann": 1.4597866535186768}