{"overlap": 0.34805628657341003, "von_neumann": 0.4628039598464966}