{"overlap": 0.5025166869163513, "von_neumann": 0.6294211149215698}