{"overlap": 0.15494579076766968, "von_neumann": 2.1907105445861816}