{"overlap": 0.1811658889055252, "von_neumann": 1.8556734323501587}