{"overlap": 0.2407502979040146, "von_neumann": 1.6567226648330688}