{"overlap": 0.17941203713417053, "von_neumann": 1.8626667261123657}