{"overlap": 0.20701710879802704, "von_neumann": 1.6197062730789185}