{"overlap": 0.19713737070560455, "von_neumann": 0.4167329668998718}