{"overlap": 0.18853610754013062, "von_neumann": 1.6724069118499756}