{"overlap": 0.30191218852996826, "von_neumann": 0.393094003200531}