{"overlap": 0.20541632175445557, "von_neumann": 1.8181703090667725}