{"overlap": 0.17738071084022522, "von_neumann": 0.5106549263000488}