{"overlap": 0.43346577882766724, "von_neumann": 0.042300738394260406}