{"overlap": 0.6232495307922363, "von_neumann": 0.07641753554344177}