{"overlap": 0.27784228324890137, "von_neumann": 0.7811480164527893}