{"overlap": 0.20583763718605042, "von_neumann": 1.827054500579834}