{"overlap": 0.2072090357542038, "von_neumann": 1.9330029487609863}