{"overlap": 0.13638179004192352, "von_neumann": 2.270731210708618}