{"overlap": 0.22002391517162323, "von_neumann": 1.7139544486999512}