{"overlap": 0.446628212928772, "von_neumann": 0.3029288351535797}