{"overlap": 0.18257933855056763, "von_neumann": 1.8552119731903076}