{"overlap": 0.18648499250411987, "von_neumann": 1.5587304830551147}