{"overlap": 0.3945019543170929, "von_neumann": 0.38140323758125305}