{"overlap": 0.2940046489238739, "von_neumann": 1.1291404962539673}