{"overlap": 0.19788965582847595, "von_neumann": 1.6552703380584717}