{"overlap": 0.27509719133377075, "von_neumann": 0.7086541652679443}