{"overlap": 0.35773158073425293, "von_neumann": 0.41922852396965027}