{"overlap": 0.5505144000053406, "von_neumann": 0.29562094807624817}