{"overlap": 0.1440698504447937, "von_neumann": 1.5494799613952637}