{"overlap": 0.22034385800361633, "von_neumann": 1.8573698997497559}