{"overlap": 0.3785291910171509, "von_neumann": 0.2459380328655243}