{"overlap": 0.1817290037870407, "von_neumann": 1.9592081308364868}