{"overlap": 0.39358147978782654, "von_neumann": 0.6113386154174805}