{"overlap": 0.2001400738954544, "von_neumann": 1.7899740934371948}