{"overlap": 0.18615593016147614, "von_neumann": 1.7778947353363037}