{"overlap": 0.18114440143108368, "von_neumann": 1.8534295558929443}