{"overlap": 0.2133723348379135, "von_neumann": 1.1931734085083008}