{"overlap": 0.23319724202156067, "von_neumann": 0.6426575183868408}