{"overlap": 0.41591042280197144, "von_neumann": 0.579343318939209}