{"overlap": 0.19424666464328766, "von_neumann": 0.6188581585884094}