{"overlap": 0.24858155846595764, "von_neumann": 1.1998214721679688}