{"overlap": 0.20445971190929413, "von_neumann": 1.1755905151367188}