{"overlap": 0.46040937304496765, "von_neumann": 0.09723888337612152}