{"overlap": 0.3202715814113617, "von_neumann": 0.7643740773200989}