{"overlap": 0.18778574466705322, "von_neumann": 1.4440913200378418}