{"overlap": 0.1833660751581192, "von_neumann": 1.7648658752441406}