{"overlap": 0.19424815475940704, "von_neumann": 1.5619449615478516}