{"overlap": 0.2106035351753235, "von_neumann": 1.6598469018936157}