{"overlap": 0.2625328004360199, "von_neumann": 1.2531334161758423}