{"overlap": 0.2847444713115692, "von_neumann": 1.4050346612930298}