{"overlap": 0.1843166947364807, "von_neumann": 1.256772518157959}