{"overlap": 0.22342810034751892, "von_neumann": 0.7208843231201172}