{"overlap": 0.3346065282821655, "von_neumann": 0.656583309173584}