{"overlap": 0.3177410662174225, "von_neumann": 0.2603549659252167}