{"overlap": 0.2563777565956116, "von_neumann": 1.3218986988067627}