{"overlap": 0.20463253557682037, "von_neumann": 1.4351615905761719}