{"overlap": 0.20629741251468658, "von_neumann": 1.6634756326675415}