{"overlap": 0.2404714822769165, "von_neumann": 1.1364473104476929}