{"overlap": 0.27361905574798584, "von_neumann": 1.0469977855682373}