{"overlap": 0.2310643345117569, "von_neumann": 0.8121715188026428}