{"overlap": 0.4268234670162201, "von_neumann": 0.2887662649154663}