{"overlap": 0.23616543412208557, "von_neumann": 1.3971812725067139}