{"overlap": 0.18316391110420227, "von_neumann": 1.778571367263794}