{"overlap": 0.23246820271015167, "von_neumann": 0.3794628977775574}