{"overlap": 0.2181091606616974, "von_neumann": 0.5279445648193359}