{"overlap": 0.391636461019516, "von_neumann": 0.663874626159668}