{"overlap": 0.5204541683197021, "von_neumann": 0.12152113765478134}