{"overlap": 0.29886293411254883, "von_neumann": 0.03841666132211685}