{"overlap": 0.22413983941078186, "von_neumann": 1.5520185232162476}