{"overlap": 0.21524201333522797, "von_neumann": 1.6017311811447144}