{"overlap": 0.31657513976097107, "von_neumann": 1.2777090072631836}