{"overlap": 0.21340301632881165, "von_neumann": 1.4209163188934326}