{"overlap": 0.29531624913215637, "von_neumann": 1.1483150720596313}