{"overlap": 0.2066175937652588, "von_neumann": 1.4399549961090088}