{"overlap": 0.22069892287254333, "von_neumann": 1.5618067979812622}