{"overlap": 0.22424350678920746, "von_neumann": 0.7513562440872192}