{"overlap": 0.5546277165412903, "von_neumann": 0.04576241970062256}