{"overlap": 0.6933060884475708, "von_neumann": 0.09524859488010406}