{"overlap": 0.17266817390918732, "von_neumann": 1.078566551208496}