{"overlap": 0.367133766412735, "von_neumann": 0.9917212128639221}