{"overlap": 0.23961111903190613, "von_neumann": 1.474304437637329}