{"overlap": 0.2122865468263626, "von_neumann": 1.657111644744873}