{"overlap": 0.1602325737476349, "von_neumann": 1.607051968574524}