{"overlap": 0.21866315603256226, "von_neumann": 1.388949990272522}