{"overlap": 0.18131865561008453, "von_neumann": 1.5200519561767578}