{"overlap": 0.3795742690563202, "von_neumann": 1.1511518955230713}