{"overlap": 0.256867915391922, "von_neumann": 1.1611595153808594}