{"overlap": 0.1597905158996582, "von_neumann": 1.929861307144165}