{"overlap": 0.17897579073905945, "von_neumann": 1.7161533832550049}