{"overlap": 0.19838519394397736, "von_neumann": 1.833277940750122}