{"overlap": 0.1914958506822586, "von_neumann": 1.648034691810608}