{"overlap": 0.17611201107501984, "von_neumann": 1.7983052730560303}