{"overlap": 0.21164211630821228, "von_neumann": 1.0712237358093262}