{"overlap": 0.37986934185028076, "von_neumann": 0.20983564853668213}