{"overlap": 0.3072233200073242, "von_neumann": 1.0592764616012573}