{"overlap": 0.3052828311920166, "von_neumann": 0.7898476123809814}