{"overlap": 0.38763153553009033, "von_neumann": 0.3161657452583313}