{"overlap": 0.17918647825717926, "von_neumann": 1.7909854650497437}