{"overlap": 0.36719444394111633, "von_neumann": 0.4521145224571228}