{"overlap": 0.32775017619132996, "von_neumann": 0.6590011715888977}