{"overlap": 0.20082421600818634, "von_neumann": 1.9972525835037231}