{"overlap": 0.20756778120994568, "von_neumann": 1.3035088777542114}