{"overlap": 0.34978997707366943, "von_neumann": 0.5575475692749023}