{"overlap": 0.2736953794956207, "von_neumann": 0.8265202045440674}