{"overlap": 0.17428317666053772, "von_neumann": 2.096691131591797}