{"overlap": 0.23911771178245544, "von_neumann": 1.7183339595794678}