{"overlap": 0.3718469738960266, "von_neumann": 0.8410760164260864}