{"overlap": 0.4406757652759552, "von_neumann": 0.17433513700962067}