{"overlap": 0.24961161613464355, "von_neumann": 1.0274760723114014}