{"overlap": 0.19135913252830505, "von_neumann": 1.7949684858322144}