{"overlap": 0.3410723805427551, "von_neumann": 0.21952512860298157}