{"overlap": 0.38452446460723877, "von_neumann": 0.1627316027879715}