{"overlap": 0.72447270154953, "von_neumann": 0.0717940479516983}