{"overlap": 0.33223429322242737, "von_neumann": 0.1446920931339264}