{"overlap": 0.19839514791965485, "von_neumann": 0.6136325597763062}