{"overlap": 0.22766758501529694, "von_neumann": 1.3690732717514038}