{"overlap": 0.26834383606910706, "von_neumann": 0.24898336827754974}