{"overlap": 0.28261038661003113, "von_neumann": 0.7411556839942932}