{"overlap": 0.2926150858402252, "von_neumann": 0.8755353689193726}