{"overlap": 0.46963804960250854, "von_neumann": 0.48996272683143616}