{"overlap": 0.29717904329299927, "von_neumann": 1.3024630546569824}