{"overlap": 0.2058401256799698, "von_neumann": 1.4913043975830078}