{"overlap": 0.2607526183128357, "von_neumann": 1.2937527894973755}