{"overlap": 0.21257345378398895, "von_neumann": 1.4725146293640137}