{"overlap": 0.21448810398578644, "von_neumann": 1.8260350227355957}