{"overlap": 0.2547469139099121, "von_neumann": 0.7016230821609497}