{"overlap": 0.21358993649482727, "von_neumann": 1.9804143905639648}