{"overlap": 0.22662195563316345, "von_neumann": 1.2976257801055908}