{"overlap": 0.2746894955635071, "von_neumann": 0.4468895494937897}