{"overlap": 0.3846423029899597, "von_neumann": 0.5020265579223633}