{"overlap": 0.32420212030410767, "von_neumann": 0.25043734908103943}