{"overlap": 0.31694936752319336, "von_neumann": 0.45993372797966003}