{"overlap": 0.22902192175388336, "von_neumann": 0.7499876022338867}