{"overlap": 0.18972012400627136, "von_neumann": 1.8822097778320312}