{"overlap": 0.15486469864845276, "von_neumann": 1.5635724067687988}