{"overlap": 0.2915751338005066, "von_neumann": 1.2510333061218262}