{"overlap": 0.174663707613945, "von_neumann": 0.8078393936157227}