{"overlap": 0.5244483351707458, "von_neumann": 0.1643880009651184}