{"overlap": 0.375637412071228, "von_neumann": 0.10635576397180557}