{"overlap": 0.2394634485244751, "von_neumann": 1.2512192726135254}