{"overlap": 0.21905161440372467, "von_neumann": 1.2793183326721191}