{"overlap": 0.24574248492717743, "von_neumann": 1.2093231678009033}