{"overlap": 0.21583740413188934, "von_neumann": 1.7356349229812622}