{"overlap": 0.5405207872390747, "von_neumann": 0.023719551041722298}