{"overlap": 0.4186113476753235, "von_neumann": 0.026599321514368057}