{"overlap": 0.18777060508728027, "von_neumann": 1.4597530364990234}