{"overlap": 0.29330530762672424, "von_neumann": 1.3816934823989868}