{"overlap": 0.2531106472015381, "von_neumann": 1.302510380744934}