{"overlap": 0.23748520016670227, "von_neumann": 1.8275831937789917}