{"overlap": 0.22225062549114227, "von_neumann": 1.3212246894836426}