{"overlap": 0.17466020584106445, "von_neumann": 1.5983223915100098}