{"overlap": 0.2669500708580017, "von_neumann": 1.2557313442230225}