{"overlap": 0.2265738695859909, "von_neumann": 0.1779986321926117}