{"overlap": 0.24284937977790833, "von_neumann": 1.0576376914978027}