{"overlap": 0.3957381546497345, "von_neumann": 0.7123903036117554}