{"overlap": 0.24797677993774414, "von_neumann": 0.4426262080669403}