{"overlap": 0.17309556901454926, "von_neumann": 1.3176273107528687}