{"overlap": 0.2122691571712494, "von_neumann": 1.8397185802459717}