{"overlap": 0.19098053872585297, "von_neumann": 1.7158164978027344}