{"overlap": 0.6570258140563965, "von_neumann": 0.2510169446468353}