{"overlap": 0.16616979241371155, "von_neumann": 1.809948444366455}