{"overlap": 0.34309011697769165, "von_neumann": 0.1893823742866516}