{"overlap": 0.21684366464614868, "von_neumann": 1.7261911630630493}