{"overlap": 0.17327138781547546, "von_neumann": 1.4875656366348267}