{"overlap": 0.3515656292438507, "von_neumann": 0.5254959464073181}