{"overlap": 0.1860789656639099, "von_neumann": 0.5632079243659973}