{"overlap": 0.21000444889068604, "von_neumann": 1.2649515867233276}