{"overlap": 0.3242131471633911, "von_neumann": 0.7123852968215942}