{"overlap": 0.45779335498809814, "von_neumann": 0.1098220944404602}