{"overlap": 0.3293631970882416, "von_neumann": 0.4390636086463928}