{"overlap": 0.16576671600341797, "von_neumann": 1.7463067770004272}