{"overlap": 0.3191293179988861, "von_neumann": 0.6367274522781372}