{"overlap": 0.2540380358695984, "von_neumann": 1.3211989402770996}