{"overlap": 0.1924045979976654, "von_neumann": 1.028659701347351}