{"overlap": 0.2549208104610443, "von_neumann": 0.9442524313926697}