{"overlap": 0.24205157160758972, "von_neumann": 1.769486427307129}