{"overlap": 0.3836597502231598, "von_neumann": 0.29799672961235046}