{"overlap": 1.6523408703505993e-06, "von_neumann": 0.17685648798942566}