{"overlap": 0.21521396934986115, "von_neumann": 1.603052020072937}