{"overlap": 0.3733000159263611, "von_neumann": 0.24828054010868073}