{"overlap": 0.22350217401981354, "von_neumann": 1.1494784355163574}