{"overlap": 0.28702810406684875, "von_neumann": 0.9047807455062866}