{"overlap": 0.2692009508609772, "von_neumann": 1.1252130270004272}