{"overlap": 0.17209194600582123, "von_neumann": 1.9560309648513794}