{"overlap": 0.27962151169776917, "von_neumann": 1.1377265453338623}