{"overlap": 0.1763874739408493, "von_neumann": 1.5184600353240967}