{"overlap": 0.397973895072937, "von_neumann": 0.10513859242200851}