{"overlap": 0.18009968101978302, "von_neumann": 1.6212095022201538}