{"overlap": 0.3261858820915222, "von_neumann": 0.2526536285877228}