{"overlap": 0.21913333237171173, "von_neumann": 1.3478716611862183}