{"overlap": 0.16434766352176666, "von_neumann": 1.9827618598937988}