{"overlap": 0.20250098407268524, "von_neumann": 1.7878990173339844}