{"overlap": 0.3283584713935852, "von_neumann": 1.0393738746643066}