{"overlap": 0.2383134961128235, "von_neumann": 1.2279531955718994}