{"overlap": 0.27538004517555237, "von_neumann": 0.9396151304244995}