{"overlap": 0.2281760722398758, "von_neumann": 1.3470888137817383}