{"overlap": 0.23511800169944763, "von_neumann": 1.686450481414795}