{"overlap": 0.19198250770568848, "von_neumann": 1.9443186521530151}