{"overlap": 0.3703572750091553, "von_neumann": 0.8930149078369141}