{"overlap": 0.3998904824256897, "von_neumann": 0.19584296643733978}