{"overlap": 0.24047832190990448, "von_neumann": 0.9007533192634583}