{"overlap": 0.21455451846122742, "von_neumann": 1.5375231504440308}