{"overlap": 0.18063625693321228, "von_neumann": 1.028041124343872}