{"overlap": 0.19415892660617828, "von_neumann": 1.4179508686065674}