{"overlap": 0.17128708958625793, "von_neumann": 1.7389352321624756}