{"overlap": 0.46163031458854675, "von_neumann": 0.7303266525268555}