{"overlap": 0.3718489408493042, "von_neumann": 0.2373226135969162}