{"overlap": 0.19276773929595947, "von_neumann": 1.3003689050674438}