{"overlap": 0.19633404910564423, "von_neumann": 1.797379970550537}