{"overlap": 0.32376447319984436, "von_neumann": 0.46754947304725647}