{"overlap": 0.16643556952476501, "von_neumann": 1.5821592807769775}