{"overlap": 0.3671320080757141, "von_neumann": 0.6084593534469604}