{"overlap": 0.22125284373760223, "von_neumann": 0.19329938292503357}