{"overlap": 0.1555008441209793, "von_neumann": 1.9599024057388306}