{"overlap": 0.3738560974597931, "von_neumann": 0.6734716892242432}