{"overlap": 0.455178827047348, "von_neumann": 0.660787045955658}