{"overlap": 0.19428549706935883, "von_neumann": 0.8788905739784241}