{"overlap": 0.4127252697944641, "von_neumann": 0.07601171731948853}