{"overlap": 0.5479357838630676, "von_neumann": 0.24267271161079407}