{"overlap": 0.22428445518016815, "von_neumann": 1.8139631748199463}