{"overlap": 0.18266554176807404, "von_neumann": 1.916886806488037}