{"overlap": 0.46156302094459534, "von_neumann": 0.6249269247055054}