{"overlap": 0.20878072082996368, "von_neumann": 1.2365795373916626}