{"overlap": 0.19558216631412506, "von_neumann": 1.9381977319717407}