{"overlap": 0.4937325417995453, "von_neumann": 0.07359300553798676}