{"overlap": 0.2988411486148834, "von_neumann": 0.5329485535621643}