{"overlap": 0.2768562436103821, "von_neumann": 1.1802892684936523}