{"overlap": 0.3358765244483948, "von_neumann": 0.8440291285514832}