{"overlap": 0.26208174228668213, "von_neumann": 1.1788172721862793}