{"overlap": 0.2847442924976349, "von_neumann": 0.6362850666046143}