{"overlap": 0.3252509534358978, "von_neumann": 0.9561573266983032}