{"overlap": 0.5203890204429626, "von_neumann": 0.17624345421791077}