{"overlap": 0.253104031085968, "von_neumann": 0.8575541377067566}