{"overlap": 0.28557413816452026, "von_neumann": 0.8887287974357605}