{"overlap": 0.4195885956287384, "von_neumann": 0.8226245045661926}