{"overlap": 0.21929174661636353, "von_neumann": 1.431480050086975}