{"overlap": 0.34009748697280884, "von_neumann": 0.39433059096336365}