{"overlap": 0.3213580846786499, "von_neumann": 0.774577796459198}