{"overlap": 0.2538455128669739, "von_neumann": 0.8464668989181519}