{"overlap": 0.25491732358932495, "von_neumann": 1.0623433589935303}