{"overlap": 0.22061271965503693, "von_neumann": 1.918742299079895}