{"overlap": 0.39221683144569397, "von_neumann": 0.4076811671257019}