{"overlap": 0.18353059887886047, "von_neumann": 1.5154632329940796}