{"overlap": 0.8299508690834045, "von_neumann": 0.05318858101963997}