{"overlap": 0.2719109356403351, "von_neumann": 1.1546483039855957}