{"overlap": 0.27797064185142517, "von_neumann": 0.7066777348518372}