{"overlap": 0.23365838825702667, "von_neumann": 1.6239666938781738}