{"overlap": 0.22298067808151245, "von_neumann": 1.4796080589294434}