{"overlap": 0.2554955780506134, "von_neumann": 0.17588208615779877}