{"overlap": 0.4854889512062073, "von_neumann": 0.2454145848751068}