{"overlap": 0.20883862674236298, "von_neumann": 1.6859947443008423}