{"overlap": 0.4494086802005768, "von_neumann": 0.42929819226264954}