{"overlap": 0.37263914942741394, "von_neumann": 0.0802779495716095}