{"overlap": 0.15879154205322266, "von_neumann": 1.4836761951446533}