{"overlap": 0.33998680114746094, "von_neumann": 0.7643676400184631}