{"overlap": 0.2841549515724182, "von_neumann": 0.8992127180099487}