{"overlap": 0.15596678853034973, "von_neumann": 2.046694755554199}