{"overlap": 6.776594091206789e-06, "von_neumann": 0.27386942505836487}