{"overlap": 0.18578341603279114, "von_neumann": 1.5551449060440063}