{"overlap": 0.25573936104774475, "von_neumann": 1.126926302909851}