{"overlap": 0.21530050039291382, "von_neumann": 1.236227035522461}