{"overlap": 0.23641124367713928, "von_neumann": 0.9503598809242249}