{"overlap": 0.2797500789165497, "von_neumann": 1.092073917388916}