{"overlap": 0.44406750798225403, "von_neumann": 0.22861507534980774}