{"overlap": 0.18926188349723816, "von_neumann": 1.0331538915634155}