{"overlap": 0.2726913392543793, "von_neumann": 1.1218008995056152}