{"overlap": 0.4633244276046753, "von_neumann": 0.533125638961792}