{"overlap": 0.22354958951473236, "von_neumann": 1.123692274093628}