{"overlap": 0.6620057821273804, "von_neumann": 0.09773343801498413}