{"overlap": 0.268974244594574, "von_neumann": 1.2090516090393066}