{"overlap": 0.22259947657585144, "von_neumann": 0.29317760467529297}