{"overlap": 0.17231330275535583, "von_neumann": 1.9736689329147339}