{"overlap": 0.16161517798900604, "von_neumann": 1.9933271408081055}