{"overlap": 0.25528836250305176, "von_neumann": 1.2950215339660645}