{"overlap": 0.18437343835830688, "von_neumann": 1.6304821968078613}