{"overlap": 0.19234485924243927, "von_neumann": 1.936861276626587}