{"overlap": 0.3365952670574188, "von_neumann": 0.3576517701148987}