{"overlap": 0.1908966600894928, "von_neumann": 2.0671982765197754}