{"overlap": 0.24233120679855347, "von_neumann": 0.9897148013114929}