{"overlap": 0.1765090525150299, "von_neumann": 0.4507855772972107}