{"overlap": 0.28247299790382385, "von_neumann": 0.8548485636711121}