{"overlap": 0.39432981610298157, "von_neumann": 0.6569621562957764}