{"overlap": 0.20734496414661407, "von_neumann": 0.9823637008666992}