{"overlap": 0.19533410668373108, "von_neumann": 1.9761102199554443}