{"overlap": 0.1638142615556717, "von_neumann": 1.9047468900680542}