{"overlap": 0.3063509464263916, "von_neumann": 0.22301460802555084}