{"overlap": 0.21207495033740997, "von_neumann": 1.632927656173706}