{"overlap": 0.17649495601654053, "von_neumann": 1.920918345451355}