{"overlap": 0.45767074823379517, "von_neumann": 0.5543222427368164}