{"overlap": 0.5392201542854309, "von_neumann": 0.09633686393499374}