{"overlap": 0.325171560049057, "von_neumann": 0.6352682113647461}