{"overlap": 0.18843387067317963, "von_neumann": 1.7174792289733887}