{"overlap": 0.17859800159931183, "von_neumann": 1.9800732135772705}