{"overlap": 0.360869437456131, "von_neumann": 0.1438053697347641}