{"overlap": 0.4139891266822815, "von_neumann": 0.17718510329723358}