{"overlap": 0.1853804588317871, "von_neumann": 1.979445219039917}