{"overlap": 0.16049820184707642, "von_neumann": 1.9331949949264526}