{"overlap": 0.8044763207435608, "von_neumann": 0.03820815682411194}