{"overlap": 0.16194391250610352, "von_neumann": 1.849841833114624}