{"overlap": 0.14426954090595245, "von_neumann": 1.9019360542297363}