{"overlap": 0.2047397792339325, "von_neumann": 1.2948449850082397}