{"overlap": 0.20481491088867188, "von_neumann": 1.448095440864563}