{"overlap": 0.17972828447818756, "von_neumann": 1.8140188455581665}