{"overlap": 0.20613683760166168, "von_neumann": 1.4107065200805664}