{"overlap": 0.15884649753570557, "von_neumann": 1.8493746519088745}