{"overlap": 0.23230360448360443, "von_neumann": 1.4003957509994507}