{"overlap": 0.23996134102344513, "von_neumann": 0.9519137144088745}