{"overlap": 0.18604029715061188, "von_neumann": 1.599463939666748}