{"overlap": 0.3032614290714264, "von_neumann": 0.41594240069389343}