{"overlap": 0.21948763728141785, "von_neumann": 1.5235953330993652}