{"overlap": 0.20672394335269928, "von_neumann": 1.1076109409332275}