{"overlap": 0.21705636382102966, "von_neumann": 1.0571246147155762}