{"overlap": 0.4278070628643036, "von_neumann": 0.4543406367301941}