{"overlap": 0.41077470779418945, "von_neumann": 0.2021406888961792}