{"overlap": 0.34933769702911377, "von_neumann": 0.8572373390197754}