{"overlap": 0.35062122344970703, "von_neumann": 0.32997459173202515}