{"overlap": 0.1442251205444336, "von_neumann": 2.089705467224121}