{"overlap": 0.2328065037727356, "von_neumann": 1.627729058265686}