{"overlap": 0.43489015102386475, "von_neumann": 0.6352636814117432}