{"overlap": 0.4187750518321991, "von_neumann": 0.7494279742240906}