{"overlap": 0.26000475883483887, "von_neumann": 0.01274709403514862}