{"overlap": 0.26951518654823303, "von_neumann": 1.2079814672470093}