{"overlap": 0.26527631282806396, "von_neumann": 0.4179093539714813}