{"overlap": 0.32877564430236816, "von_neumann": 0.8618850708007812}