{"overlap": 0.4957937002182007, "von_neumann": 0.1304849535226822}