{"overlap": 0.3186262249946594, "von_neumann": 1.3566029071807861}