{"overlap": 0.15936531126499176, "von_neumann": 2.1197822093963623}