{"overlap": 0.19744370877742767, "von_neumann": 1.9092674255371094}