{"overlap": 0.2082652598619461, "von_neumann": 1.2393529415130615}