{"overlap": 0.3305290937423706, "von_neumann": 0.5582782030105591}