{"overlap": 0.5962892770767212, "von_neumann": 0.03429315984249115}