{"overlap": 0.4119761288166046, "von_neumann": 0.0061868783086538315}