{"overlap": 0.300713449716568, "von_neumann": 0.7176299095153809}