{"overlap": 0.21446897089481354, "von_neumann": 1.0210214853286743}