{"overlap": 0.2597285509109497, "von_neumann": 0.3635016679763794}