{"overlap": 0.37305793166160583, "von_neumann": 0.7533553242683411}