{"overlap": 0.2436497062444687, "von_neumann": 0.7632347941398621}