{"overlap": 0.30298084020614624, "von_neumann": 0.271941214799881}