{"overlap": 0.23616956174373627, "von_neumann": 1.673300862312317}