{"overlap": 0.20353154838085175, "von_neumann": 1.6157264709472656}