{"overlap": 0.3208751380443573, "von_neumann": 0.23508858680725098}