{"overlap": 0.22072312235832214, "von_neumann": 1.5981945991516113}