{"overlap": 0.5405414700508118, "von_neumann": 0.029737439006567}