{"overlap": 0.22224898636341095, "von_neumann": 1.390662670135498}