{"overlap": 0.29132455587387085, "von_neumann": 1.520780324935913}