{"overlap": 0.21355439722537994, "von_neumann": 1.722783088684082}