{"overlap": 0.1548885852098465, "von_neumann": 2.0494868755340576}