{"overlap": 0.17439115047454834, "von_neumann": 1.9666013717651367}