{"overlap": 0.2125178724527359, "von_neumann": 1.9001295566558838}