{"overlap": 0.2503449618816376, "von_neumann": 0.632657527923584}