{"overlap": 0.1716638207435608, "von_neumann": 1.9952737092971802}