{"overlap": 0.16181036829948425, "von_neumann": 2.2900590896606445}