{"overlap": 0.17621885240077972, "von_neumann": 1.6992014646530151}