{"overlap": 0.22439050674438477, "von_neumann": 1.2737648487091064}