{"overlap": 0.22574357688426971, "von_neumann": 1.527262806892395}