{"overlap": 0.23022089898586273, "von_neumann": 0.22475320100784302}