{"overlap": 0.28782331943511963, "von_neumann": 1.1197874546051025}