{"overlap": 0.2466755509376526, "von_neumann": 1.5366196632385254}