{"overlap": 0.27491500973701477, "von_neumann": 0.30057868361473083}