{"overlap": 0.5397937893867493, "von_neumann": 0.1497562974691391}