{"overlap": 0.5632440447807312, "von_neumann": 0.19976401329040527}