{"overlap": 0.2740119397640228, "von_neumann": 0.28322121500968933}