{"overlap": 0.3705216944217682, "von_neumann": 0.8514737486839294}