{"overlap": 0.2687745690345764, "von_neumann": 1.3190827369689941}