{"overlap": 0.6293260455131531, "von_neumann": 0.10762032866477966}