{"overlap": 0.3369285762310028, "von_neumann": 0.7941020727157593}