{"overlap": 0.15548305213451385, "von_neumann": 1.965902328491211}