{"overlap": 0.20231306552886963, "von_neumann": 1.5286567211151123}