{"overlap": 0.1724638193845749, "von_neumann": 1.4453506469726562}