{"overlap": 0.5965467691421509, "von_neumann": 0.404263973236084}