{"overlap": 0.2037181854248047, "von_neumann": 1.127211093902588}