{"overlap": 0.441193163394928, "von_neumann": 0.005282989703118801}