{"overlap": 0.1775040328502655, "von_neumann": 1.121012806892395}