{"overlap": 0.1849258989095688, "von_neumann": 1.4249060153961182}