{"overlap": 0.2032637894153595, "von_neumann": 1.0425913333892822}