{"overlap": 0.3502527177333832, "von_neumann": 0.7200666069984436}