{"overlap": 0.27989476919174194, "von_neumann": 0.538048267364502}