{"overlap": 0.25994110107421875, "von_neumann": 0.32698407769203186}