{"overlap": 0.22898569703102112, "von_neumann": 1.8323431015014648}