{"overlap": 0.25214773416519165, "von_neumann": 0.9210255742073059}