{"overlap": 0.15821386873722076, "von_neumann": 1.8551857471466064}