{"overlap": 0.5266778469085693, "von_neumann": 0.3392707109451294}