{"overlap": 0.25867074728012085, "von_neumann": 1.3853390216827393}