{"overlap": 0.37483224272727966, "von_neumann": 0.4299484193325043}