{"overlap": 0.23183158040046692, "von_neumann": 1.8211206197738647}