{"overlap": 0.38084954023361206, "von_neumann": 0.07141917943954468}