{"overlap": 0.21794477105140686, "von_neumann": 1.5879251956939697}