{"overlap": 0.23255540430545807, "von_neumann": 1.2633836269378662}