{"overlap": 0.7184271216392517, "von_neumann": 0.07308711856603622}