{"overlap": 0.19452494382858276, "von_neumann": 1.3967926502227783}