{"overlap": 0.24760502576828003, "von_neumann": 1.325154423713684}