{"overlap": 0.43245118856430054, "von_neumann": 0.35529080033302307}