{"overlap": 0.19390235841274261, "von_neumann": 0.8036325573921204}