{"overlap": 0.24344280362129211, "von_neumann": 1.2923539876937866}