{"overlap": 0.3625381588935852, "von_neumann": 0.7388795614242554}