{"overlap": 0.6151676774024963, "von_neumann": 0.3870181441307068}