{"overlap": 0.20571479201316833, "von_neumann": 1.4472709894180298}