{"overlap": 0.42802634835243225, "von_neumann": 0.591705858707428}