{"overlap": 0.15575289726257324, "von_neumann": 2.0034499168395996}