{"overlap": 0.20965439081192017, "von_neumann": 1.4198932647705078}