{"overlap": 0.32469528913497925, "von_neumann": 0.10995952785015106}