{"overlap": 0.2856145203113556, "von_neumann": 1.1561459302902222}