{"overlap": 0.3626214265823364, "von_neumann": 0.8154256343841553}