{"overlap": 0.5709035992622375, "von_neumann": 0.010245605371892452}