{"overlap": 0.4356222450733185, "von_neumann": 0.07006711512804031}