{"overlap": 0.33725276589393616, "von_neumann": 0.3168204426765442}