{"overlap": 0.2300775647163391, "von_neumann": 1.0970208644866943}