{"overlap": 0.36699122190475464, "von_neumann": 0.2288009524345398}