{"overlap": 0.3589664101600647, "von_neumann": 0.3365735113620758}