{"overlap": 0.2087644636631012, "von_neumann": 1.366836667060852}