{"overlap": 0.2716366946697235, "von_neumann": 0.9129528999328613}