{"overlap": 0.18520718812942505, "von_neumann": 1.3876807689666748}