{"overlap": 0.26633331179618835, "von_neumann": 1.5000855922698975}