{"overlap": 0.2622014582157135, "von_neumann": 0.7366539835929871}