{"overlap": 0.1957186758518219, "von_neumann": 1.4557416439056396}