{"overlap": 0.36374688148498535, "von_neumann": 0.35362863540649414}