{"overlap": 0.22521452605724335, "von_neumann": 0.7105531692504883}