{"overlap": 0.23903276026248932, "von_neumann": 0.2041444629430771}