{"overlap": 0.43724918365478516, "von_neumann": 0.17085011303424835}