{"overlap": 0.18378287553787231, "von_neumann": 2.0526645183563232}