{"overlap": 0.1689993143081665, "von_neumann": 1.403430461883545}