{"overlap": 0.19589020311832428, "von_neumann": 1.2184275388717651}