{"overlap": 0.24513114988803864, "von_neumann": 0.7534719705581665}