{"overlap": 0.274084210395813, "von_neumann": 1.4140387773513794}