{"overlap": 0.1839268058538437, "von_neumann": 1.6790649890899658}