{"overlap": 0.4109518826007843, "von_neumann": 0.8333182334899902}