{"overlap": 0.17165228724479675, "von_neumann": 1.5501887798309326}