{"overlap": 0.3187316656112671, "von_neumann": 0.7991248369216919}