{"overlap": 0.390689492225647, "von_neumann": 1.1688227653503418}