{"overlap": 0.2557971477508545, "von_neumann": 0.7530081272125244}