{"overlap": 0.5418958067893982, "von_neumann": 0.19390776753425598}