{"overlap": 0.24250373244285583, "von_neumann": 1.4361846446990967}