{"overlap": 0.19889669120311737, "von_neumann": 1.4356894493103027}