{"overlap": 0.3074311912059784, "von_neumann": 0.6863338351249695}