{"overlap": 0.18425501883029938, "von_neumann": 1.67347252368927}