{"overlap": 0.23898325860500336, "von_neumann": 1.7286031246185303}