{"overlap": 0.2987937331199646, "von_neumann": 0.22264400124549866}