{"overlap": 0.44375789165496826, "von_neumann": 0.32116055488586426}