{"overlap": 0.1505245417356491, "von_neumann": 1.8131414651870728}