{"overlap": 0.17986027896404266, "von_neumann": 0.033835116773843765}