{"overlap": 0.378225177526474, "von_neumann": 0.2707125246524811}