{"overlap": 0.18443620204925537, "von_neumann": 1.8514691591262817}