{"overlap": 0.14376188814640045, "von_neumann": 2.0462374687194824}