{"overlap": 0.18550974130630493, "von_neumann": 1.8486018180847168}