{"overlap": 0.18662232160568237, "von_neumann": 1.4505198001861572}