{"overlap": 0.18247376382350922, "von_neumann": 1.7388763427734375}