{"overlap": 0.3935776948928833, "von_neumann": 0.18315047025680542}