{"overlap": 0.2077917605638504, "von_neumann": 1.5516327619552612}