{"overlap": 0.18004316091537476, "von_neumann": 1.9495307207107544}