{"overlap": 0.4980361759662628, "von_neumann": 0.14888986945152283}