{"overlap": 0.19769831001758575, "von_neumann": 1.7563037872314453}