{"overlap": 0.4539964497089386, "von_neumann": 0.41046279668807983}