{"overlap": 0.4989320635795593, "von_neumann": 0.38128113746643066}