{"overlap": 0.21211060881614685, "von_neumann": 1.7523373365402222}