{"overlap": 0.2950116991996765, "von_neumann": 0.8694229125976562}