{"overlap": 0.28210151195526123, "von_neumann": 0.6519683003425598}