{"overlap": 0.17238053679466248, "von_neumann": 1.8326520919799805}