{"overlap": 0.17184297740459442, "von_neumann": 1.390994906425476}