{"overlap": 0.23083244264125824, "von_neumann": 1.5073645114898682}