{"overlap": 0.3871050179004669, "von_neumann": 0.0363776758313179}