{"overlap": 0.1701040267944336, "von_neumann": 1.561908483505249}