{"overlap": 0.15667082369327545, "von_neumann": 2.0179638862609863}