{"overlap": 0.34689760208129883, "von_neumann": 0.24468716979026794}