{"overlap": 0.2969891428947449, "von_neumann": 0.22981762886047363}