{"overlap": 0.33734145760536194, "von_neumann": 0.11708839982748032}