{"overlap": 0.19408093392848969, "von_neumann": 0.1678861528635025}