{"overlap": 0.3233731985092163, "von_neumann": 0.3200586438179016}