{"overlap": 0.4856495261192322, "von_neumann": 0.18212780356407166}