{"overlap": 0.36274388432502747, "von_neumann": 0.38212138414382935}