{"overlap": 0.2848142981529236, "von_neumann": 1.2082200050354004}