{"overlap": 0.3232157230377197, "von_neumann": 1.0499881505966187}