{"overlap": 0.21568457782268524, "von_neumann": 1.1617517471313477}