{"overlap": 0.4205239713191986, "von_neumann": 0.10249117761850357}