{"overlap": 0.337415874004364, "von_neumann": 0.9652063250541687}