{"overlap": 0.16817109286785126, "von_neumann": 1.9301793575286865}