{"overlap": 0.2722455561161041, "von_neumann": 1.158982753753662}