{"overlap": 0.3808937072753906, "von_neumann": 0.7455697059631348}