{"overlap": 0.3778488039970398, "von_neumann": 0.6300411224365234}