{"overlap": 0.4180202782154083, "von_neumann": 0.6419773697853088}