{"overlap": 0.5144917368888855, "von_neumann": 0.12762337923049927}