{"overlap": 0.18745042383670807, "von_neumann": 1.506725549697876}