{"overlap": 0.15764227509498596, "von_neumann": 2.089953899383545}