{"overlap": 0.3039774000644684, "von_neumann": 0.39226067066192627}