{"overlap": 0.3442226052284241, "von_neumann": 0.2934390604496002}