{"overlap": 0.4707041084766388, "von_neumann": 0.015309964306652546}