{"overlap": 0.5514956116676331, "von_neumann": 0.0936027392745018}