{"overlap": 0.3947272300720215, "von_neumann": 0.4559517502784729}