{"overlap": 0.3311929702758789, "von_neumann": 0.1418662667274475}