{"overlap": 0.2864772081375122, "von_neumann": 0.3399556875228882}