{"overlap": 0.34648841619491577, "von_neumann": 0.7411640882492065}