{"overlap": 0.3534183204174042, "von_neumann": 0.5521063208580017}