{"overlap": 0.3103230595588684, "von_neumann": 0.7938029170036316}