{"overlap": 0.1728380173444748, "von_neumann": 1.96551513671875}