{"overlap": 0.4009767174720764, "von_neumann": 0.2983192801475525}