{"overlap": 0.2839013636112213, "von_neumann": 1.4856986999511719}