{"overlap": 0.2506987452507019, "von_neumann": 1.3124029636383057}