{"overlap": 0.17811547219753265, "von_neumann": 1.704520583152771}