{"overlap": 0.2942662239074707, "von_neumann": 0.7982356548309326}