{"overlap": 0.37154242396354675, "von_neumann": 0.24037913978099823}