{"overlap": 0.20276455581188202, "von_neumann": 1.3859531879425049}