{"overlap": 0.36093786358833313, "von_neumann": 0.7443341016769409}