{"overlap": 0.39257508516311646, "von_neumann": 0.7588728070259094}