{"overlap": 0.20049147307872772, "von_neumann": 1.6491398811340332}