{"overlap": 0.46822819113731384, "von_neumann": 0.0012563947821035981}