{"overlap": 0.18511295318603516, "von_neumann": 1.6721153259277344}