{"overlap": 0.38896211981773376, "von_neumann": 0.45454156398773193}