{"overlap": 0.49222123622894287, "von_neumann": 0.35533156991004944}