{"overlap": 0.20275172591209412, "von_neumann": 1.374656319618225}