{"overlap": 0.17582155764102936, "von_neumann": 1.7433313131332397}