{"overlap": 0.24072524905204773, "von_neumann": 1.219092607498169}