{"overlap": 0.1883661299943924, "von_neumann": 1.7483994960784912}