{"overlap": 0.3162950873374939, "von_neumann": 1.073775053024292}