{"overlap": 0.3220306932926178, "von_neumann": 0.2220672070980072}