{"overlap": 0.2211189717054367, "von_neumann": 1.1901655197143555}