{"overlap": 0.4438258111476898, "von_neumann": 0.4923796057701111}