{"overlap": 0.4384659230709076, "von_neumann": 0.7436062693595886}