{"overlap": 0.15059906244277954, "von_neumann": 1.9137424230575562}