{"overlap": 0.20923641324043274, "von_neumann": 1.5139824151992798}