{"overlap": 0.5613672733306885, "von_neumann": 0.13414043188095093}