{"overlap": 0.42461884021759033, "von_neumann": 0.5966894030570984}