{"overlap": 0.19790711998939514, "von_neumann": 2.1504197120666504}