{"overlap": 0.4867621660232544, "von_neumann": 0.3277217447757721}