{"overlap": 0.3339833617210388, "von_neumann": 0.5746692419052124}