{"overlap": 0.3517603576183319, "von_neumann": 0.1985296905040741}