{"overlap": 0.37219810485839844, "von_neumann": 0.19096194207668304}