{"overlap": 0.5446186661720276, "von_neumann": 0.2924122214317322}