{"overlap": 0.2454223334789276, "von_neumann": 0.657599151134491}