{"overlap": 0.5419296026229858, "von_neumann": 0.3970917761325836}