{"overlap": 0.22152967751026154, "von_neumann": 1.2169519662857056}