{"overlap": 0.20150913298130035, "von_neumann": 1.2159292697906494}