{"overlap": 0.43946927785873413, "von_neumann": 0.5015127062797546}