{"overlap": 0.31963875889778137, "von_neumann": 1.0829086303710938}