{"overlap": 0.1926576942205429, "von_neumann": 1.536887526512146}