{"overlap": 0.16224904358386993, "von_neumann": 1.6554641723632812}