{"overlap": 0.4392530620098114, "von_neumann": 0.6771355271339417}