{"overlap": 0.42482802271842957, "von_neumann": 0.4314771890640259}