{"overlap": 0.2141888588666916, "von_neumann": 1.2326834201812744}