{"overlap": 0.543958842754364, "von_neumann": 0.15387484431266785}