{"overlap": 0.3600744307041168, "von_neumann": 0.061181217432022095}