{"overlap": 0.3203834593296051, "von_neumann": 0.7803106307983398}