{"overlap": 0.23368647694587708, "von_neumann": 1.2422735691070557}