{"overlap": 0.4180738627910614, "von_neumann": 0.6943280696868896}