{"overlap": 0.298871248960495, "von_neumann": 1.2636218070983887}