{"overlap": 0.20146602392196655, "von_neumann": 0.9862659573554993}