{"overlap": 0.1475358009338379, "von_neumann": 0.7712953090667725}