{"overlap": 0.5051211714744568, "von_neumann": 0.4661843776702881}