{"overlap": 0.37649452686309814, "von_neumann": 0.1497582495212555}