{"overlap": 0.5123220682144165, "von_neumann": 0.02856002375483513}