{"overlap": 0.48248764872550964, "von_neumann": 0.26593872904777527}