{"overlap": 0.253884494304657, "von_neumann": 1.7320594787597656}