{"overlap": 0.23739159107208252, "von_neumann": 0.4937472343444824}