{"overlap": 0.4269556701183319, "von_neumann": 0.22894328832626343}