{"overlap": 0.29007086157798767, "von_neumann": 0.47402888536453247}