{"overlap": 0.376232385635376, "von_neumann": 0.5892239809036255}