{"overlap": 0.32218143343925476, "von_neumann": 0.18355043232440948}