{"overlap": 0.2106751650571823, "von_neumann": 0.5487017631530762}