{"overlap": 0.4041045010089874, "von_neumann": 0.18497663736343384}