{"overlap": 0.3568184971809387, "von_neumann": 0.5976173877716064}