{"overlap": 0.212851881980896, "von_neumann": 1.5649971961975098}