{"overlap": 0.20308396220207214, "von_neumann": 1.199081540107727}