{"overlap": 0.4640516936779022, "von_neumann": 0.5151109099388123}