{"overlap": 0.148607075214386, "von_neumann": 0.04949556291103363}