{"overlap": 0.21294310688972473, "von_neumann": 1.4526896476745605}