{"overlap": 0.23115089535713196, "von_neumann": 1.3009417057037354}