{"overlap": 0.45875129103660583, "von_neumann": 0.165849506855011}