{"overlap": 0.21366259455680847, "von_neumann": 1.7686556577682495}