{"overlap": 0.24684976041316986, "von_neumann": 1.1040879487991333}