{"overlap": 0.6347770094871521, "von_neumann": 0.23195309937000275}