{"overlap": 0.2509971261024475, "von_neumann": 0.6489968299865723}