{"overlap": 0.25634413957595825, "von_neumann": 1.4445359706878662}