{"overlap": 0.2298952043056488, "von_neumann": 1.1579433679580688}