{"overlap": 0.2891823649406433, "von_neumann": 1.7128968238830566}