{"overlap": 0.282069593667984, "von_neumann": 0.09270326793193817}