{"overlap": 0.14929784834384918, "von_neumann": 2.2105047702789307}