{"overlap": 0.20578597486019135, "von_neumann": 1.3367558717727661}