{"overlap": 0.23446331918239594, "von_neumann": 0.6278565526008606}