{"overlap": 0.3474852740764618, "von_neumann": 0.460243821144104}