{"overlap": 0.1526319831609726, "von_neumann": 1.908280849456787}