{"overlap": 0.1957261711359024, "von_neumann": 1.5086814165115356}