{"overlap": 0.5251556634902954, "von_neumann": 0.1750677227973938}