{"overlap": 0.6136705875396729, "von_neumann": 0.05117693170905113}