{"overlap": 0.2400376796722412, "von_neumann": 1.2364449501037598}