{"overlap": 0.4658493399620056, "von_neumann": 0.7160786390304565}