{"overlap": 0.41071945428848267, "von_neumann": 0.2984703481197357}