{"overlap": 0.3815745711326599, "von_neumann": 0.14904896914958954}