{"overlap": 0.2461448758840561, "von_neumann": 1.4116131067276}