{"overlap": 0.22554436326026917, "von_neumann": 1.366160273551941}