{"overlap": 0.38567543029785156, "von_neumann": 0.0012881385628134012}