{"overlap": 0.3882043659687042, "von_neumann": 0.6803303956985474}