{"overlap": 0.5467761754989624, "von_neumann": 0.3280242681503296}