{"overlap": 0.25384873151779175, "von_neumann": 1.2438461780548096}