{"overlap": 0.1548909693956375, "von_neumann": 2.086616039276123}