{"overlap": 0.3105904757976532, "von_neumann": 0.6347461938858032}