{"overlap": 0.43907833099365234, "von_neumann": 0.14144325256347656}