{"overlap": 0.35871630907058716, "von_neumann": 0.28591078519821167}