{"overlap": 0.28853094577789307, "von_neumann": 0.5172534584999084}