{"overlap": 0.2551976144313812, "von_neumann": 1.1810922622680664}