{"overlap": 0.33509528636932373, "von_neumann": 1.1387468576431274}