{"overlap": 0.511818528175354, "von_neumann": 0.18991392850875854}