{"overlap": 0.21821779012680054, "von_neumann": 0.39424630999565125}