{"overlap": 0.40299147367477417, "von_neumann": 0.12382015585899353}