{"overlap": 0.22398200631141663, "von_neumann": 0.3840571939945221}