{"overlap": 0.2077675461769104, "von_neumann": 1.932787537574768}