{"overlap": 0.5926530957221985, "von_neumann": 0.7536392211914062}