{"overlap": 0.44901564717292786, "von_neumann": 0.4378667175769806}