{"overlap": 0.3257099688053131, "von_neumann": 1.2571772336959839}