{"overlap": 0.40328675508499146, "von_neumann": 0.4084586799144745}