{"overlap": 0.39081117510795593, "von_neumann": 0.6722588539123535}