{"overlap": 0.2132577896118164, "von_neumann": 1.2861225605010986}