{"overlap": 0.3889143764972687, "von_neumann": 0.22567525506019592}