{"overlap": 0.26240649819374084, "von_neumann": 1.26759672164917}