{"overlap": 0.3057190179824829, "von_neumann": 0.6958944797515869}