{"overlap": 0.29019850492477417, "von_neumann": 1.0635290145874023}