{"overlap": 0.15579266846179962, "von_neumann": 1.7762293815612793}