{"overlap": 0.1744105964899063, "von_neumann": 1.9612922668457031}