{"overlap": 0.23467372357845306, "von_neumann": 1.5698750019073486}