{"overlap": 0.18885283172130585, "von_neumann": 1.0766669511795044}