{"overlap": 0.39860042929649353, "von_neumann": 0.1952052116394043}