{"overlap": 0.6358191967010498, "von_neumann": 0.12339428067207336}