{"overlap": 0.42350244522094727, "von_neumann": 0.3398999571800232}