{"overlap": 0.2317262440919876, "von_neumann": 1.0984456539154053}