{"overlap": 0.33394646644592285, "von_neumann": 0.9126148223876953}