{"overlap": 0.20382413268089294, "von_neumann": 0.8740451335906982}