{"overlap": 0.403881311416626, "von_neumann": 0.18592748045921326}