{"overlap": 0.26992011070251465, "von_neumann": 1.0256211757659912}