{"overlap": 0.48004207015037537, "von_neumann": 0.08745543658733368}