{"overlap": 0.5326510667800903, "von_neumann": 0.043171513825654984}