{"overlap": 0.30103737115859985, "von_neumann": 0.4973949193954468}