{"overlap": 0.453961580991745, "von_neumann": 0.10014079511165619}