{"overlap": 0.46725016832351685, "von_neumann": 0.23262235522270203}