{"overlap": 0.5556480288505554, "von_neumann": 0.3099096119403839}