{"overlap": 0.5528571605682373, "von_neumann": 0.2888314127922058}