{"overlap": 0.2625606060028076, "von_neumann": 0.5904088616371155}