{"overlap": 0.42443132400512695, "von_neumann": 0.35273078083992004}