{"overlap": 0.1811058670282364, "von_neumann": 1.87051522731781}