{"overlap": 0.32593071460723877, "von_neumann": 0.3400096297264099}