{"overlap": 0.1858714520931244, "von_neumann": 1.9548755884170532}