{"overlap": 0.20406855642795563, "von_neumann": 1.3944090604782104}