{"overlap": 0.2904505431652069, "von_neumann": 1.3570095300674438}