{"overlap": 0.38716042041778564, "von_neumann": 0.631931483745575}