{"overlap": 0.4102081060409546, "von_neumann": 0.5284374356269836}