{"overlap": 0.2213602066040039, "von_neumann": 1.8373782634735107}