{"overlap": 0.4456384479999542, "von_neumann": 0.06026424095034599}