{"overlap": 0.18866685032844543, "von_neumann": 1.4587657451629639}