{"overlap": 0.19245685636997223, "von_neumann": 1.5863428115844727}