{"overlap": 0.2949451804161072, "von_neumann": 1.3086590766906738}