{"overlap": 0.17351332306861877, "von_neumann": 2.224724531173706}