{"overlap": 0.25368890166282654, "von_neumann": 1.1455658674240112}