{"overlap": 0.32991740107536316, "von_neumann": 0.3742029070854187}