{"overlap": 0.18665654957294464, "von_neumann": 1.7042839527130127}