{"overlap": 0.329110324382782, "von_neumann": 0.21280206739902496}