{"overlap": 0.19399301707744598, "von_neumann": 1.8946373462677002}