{"overlap": 0.16490644216537476, "von_neumann": 1.355234980583191}