{"overlap": 0.2525371015071869, "von_neumann": 0.11265045404434204}