{"overlap": 0.17797192931175232, "von_neumann": 2.023197650909424}