{"overlap": 0.19522599875926971, "von_neumann": 1.7323213815689087}