{"overlap": 0.4119245707988739, "von_neumann": 0.4062896966934204}