{"overlap": 0.5551488995552063, "von_neumann": 0.021112456917762756}