{"overlap": 0.5190452933311462, "von_neumann": 0.31890931725502014}