{"overlap": 0.17460426688194275, "von_neumann": 1.8697843551635742}