{"overlap": 0.3892347514629364, "von_neumann": 0.7143716216087341}