{"overlap": 0.1448960155248642, "von_neumann": 1.9896302223205566}