{"overlap": 0.3864782452583313, "von_neumann": 0.6637205481529236}