{"overlap": 0.3041296899318695, "von_neumann": 1.1656560897827148}