{"overlap": 0.1638544499874115, "von_neumann": 2.004261016845703}