{"overlap": 0.16857950389385223, "von_neumann": 1.2784221172332764}