{"overlap": 0.2762187719345093, "von_neumann": 1.1360883712768555}