{"overlap": 0.19472907483577728, "von_neumann": 1.642802357673645}