{"overlap": 0.1522350162267685, "von_neumann": 2.0653419494628906}