{"overlap": 0.34018731117248535, "von_neumann": 0.07700511813163757}