{"overlap": 0.2373843938112259, "von_neumann": 0.22852939367294312}