{"overlap": 0.5440241098403931, "von_neumann": 0.4856850504875183}