{"overlap": 0.36957722902297974, "von_neumann": 0.7324764132499695}