{"overlap": 0.2843717336654663, "von_neumann": 0.08846686780452728}