{"overlap": 0.2055879682302475, "von_neumann": 1.4626084566116333}