{"overlap": 0.16109599173069, "von_neumann": 2.0089805126190186}