{"overlap": 0.32150739431381226, "von_neumann": 0.2170153111219406}