{"overlap": 0.30000293254852295, "von_neumann": 0.5180389881134033}