{"overlap": 0.3337865173816681, "von_neumann": 0.45976442098617554}