{"overlap": 0.2040373533964157, "von_neumann": 1.1500775814056396}