{"overlap": 0.35825315117836, "von_neumann": 0.917794406414032}