{"overlap": 0.3101484477519989, "von_neumann": 0.5848851203918457}