{"overlap": 0.23772339522838593, "von_neumann": 1.6498281955718994}