{"overlap": 0.3109070062637329, "von_neumann": 0.26519477367401123}