{"overlap": 0.17720462381839752, "von_neumann": 1.9281036853790283}