{"overlap": 0.717737078666687, "von_neumann": 0.1824774146080017}