{"overlap": 0.35122939944267273, "von_neumann": 1.0659722089767456}