{"overlap": 0.18443302810192108, "von_neumann": 1.4955124855041504}