{"overlap": 0.4383452832698822, "von_neumann": 0.5200219750404358}