{"overlap": 0.2543996274471283, "von_neumann": 1.0623992681503296}