{"overlap": 0.18305911123752594, "von_neumann": 1.779352068901062}