{"overlap": 0.16754595935344696, "von_neumann": 2.1404001712799072}