{"overlap": 0.2192307710647583, "von_neumann": 0.9741750359535217}