{"overlap": 0.45519590377807617, "von_neumann": 0.0338871106505394}