{"overlap": 0.27415773272514343, "von_neumann": 0.4600223898887634}