{"overlap": 0.17328907549381256, "von_neumann": 1.7398197650909424}