{"overlap": 0.2485552579164505, "von_neumann": 1.018385887145996}