{"overlap": 0.2496214061975479, "von_neumann": 0.29208776354789734}