{"overlap": 0.43820518255233765, "von_neumann": 0.11932423710823059}