{"overlap": 0.3018341362476349, "von_neumann": 0.050843287259340286}