{"overlap": 0.3609906733036041, "von_neumann": 0.47947371006011963}