{"overlap": 0.36314156651496887, "von_neumann": 0.13423188030719757}