{"overlap": 0.35872882604599, "von_neumann": 0.7555562257766724}