{"overlap": 0.17115899920463562, "von_neumann": 1.3098102807998657}