{"overlap": 0.43529313802719116, "von_neumann": 0.458085298538208}