{"overlap": 0.16777607798576355, "von_neumann": 1.8941491842269897}