{"overlap": 0.527604877948761, "von_neumann": 0.47237974405288696}