{"overlap": 0.2551272511482239, "von_neumann": 1.299543857574463}