{"overlap": 0.187201127409935, "von_neumann": 1.8476228713989258}