{"overlap": 0.20083659887313843, "von_neumann": 1.655501365661621}