{"overlap": 0.33721575140953064, "von_neumann": 0.8711874485015869}