{"overlap": 0.3411667048931122, "von_neumann": 0.8185255527496338}