{"overlap": 0.2029440701007843, "von_neumann": 1.7954107522964478}