{"overlap": 0.26535558700561523, "von_neumann": 1.2912276983261108}