{"overlap": 0.3160281777381897, "von_neumann": 0.8786572217941284}