{"overlap": 0.29362237453460693, "von_neumann": 1.4098480939865112}