{"overlap": 0.0041123609989881516, "von_neumann": 0.727519690990448}