{"overlap": 0.23837131261825562, "von_neumann": 1.2697216272354126}