{"overlap": 0.17786923050880432, "von_neumann": 0.2791825532913208}