{"overlap": 0.2154541015625, "von_neumann": 1.3377124071121216}