{"overlap": 0.34674790501594543, "von_neumann": 0.2606357932090759}