{"overlap": 0.30057066679000854, "von_neumann": 0.9187623858451843}