{"overlap": 0.20907852053642273, "von_neumann": 0.14244188368320465}