{"overlap": 0.34540924429893494, "von_neumann": 0.5769935846328735}