{"overlap": 0.2829691171646118, "von_neumann": 0.26605677604675293}