{"overlap": 0.18787719309329987, "von_neumann": 1.5849888324737549}