{"overlap": 0.36422768235206604, "von_neumann": 0.3520194888114929}