{"overlap": 0.5523257255554199, "von_neumann": 0.29651135206222534}