{"overlap": 0.35431918501853943, "von_neumann": 0.2994549870491028}