{"overlap": 0.22036486864089966, "von_neumann": 0.9905750751495361}