{"overlap": 0.2624550759792328, "von_neumann": 0.582042932510376}