{"overlap": 0.19961725175380707, "von_neumann": 0.7083525657653809}