{"overlap": 0.19396738708019257, "von_neumann": 1.3055788278579712}