{"overlap": 0.2816351056098938, "von_neumann": 0.6545129418373108}