{"overlap": 0.23261329531669617, "von_neumann": 1.5787744522094727}