{"overlap": 0.28036007285118103, "von_neumann": 1.2796170711517334}