{"overlap": 0.23367470502853394, "von_neumann": 0.8775523900985718}