{"overlap": 0.22007395327091217, "von_neumann": 1.1487107276916504}