{"overlap": 0.2817119061946869, "von_neumann": 0.9169384241104126}