{"overlap": 0.5658550262451172, "von_neumann": 0.2381184995174408}