{"overlap": 0.2301224172115326, "von_neumann": 1.108003854751587}