{"overlap": 0.21140706539154053, "von_neumann": 1.438141107559204}