{"overlap": 0.2807508111000061, "von_neumann": 0.5963870286941528}