{"overlap": 0.49206873774528503, "von_neumann": 0.03267988562583923}