{"overlap": 0.419910728931427, "von_neumann": 0.5045257210731506}