{"overlap": 0.30857783555984497, "von_neumann": 1.3564770221710205}