{"overlap": 0.17161603271961212, "von_neumann": 1.9771745204925537}