{"overlap": 0.2856955826282501, "von_neumann": 0.7493587732315063}