{"overlap": 0.24389509856700897, "von_neumann": 0.06833435595035553}