{"overlap": 0.34409090876579285, "von_neumann": 0.28283053636550903}