{"overlap": 0.18862701952457428, "von_neumann": 1.8794375658035278}