{"overlap": 0.15205268561840057, "von_neumann": 1.9283006191253662}