{"overlap": 0.4110609292984009, "von_neumann": 0.18481840193271637}