{"overlap": 0.2384176254272461, "von_neumann": 1.692051649093628}