{"overlap": 0.20628702640533447, "von_neumann": 0.09326723217964172}