{"overlap": 0.16702315211296082, "von_neumann": 1.6089143753051758}