{"overlap": 0.21790024638175964, "von_neumann": 0.9287174940109253}