{"overlap": 0.21190951764583588, "von_neumann": 1.9424185752868652}