{"overlap": 0.2551443576812744, "von_neumann": 0.7938481569290161}