{"overlap": 0.1768578439950943, "von_neumann": 1.5400564670562744}