{"overlap": 0.2333613932132721, "von_neumann": 1.6607184410095215}