{"overlap": 0.1732645034790039, "von_neumann": 1.9887001514434814}