{"overlap": 0.17857632040977478, "von_neumann": 1.7184228897094727}