{"overlap": 0.3993665874004364, "von_neumann": 0.610386073589325}