{"overlap": 0.2392282336950302, "von_neumann": 0.9883763194084167}