{"overlap": 0.22177274525165558, "von_neumann": 0.936308741569519}