{"overlap": 0.13681593537330627, "von_neumann": 1.9666078090667725}