{"overlap": 0.3256779611110687, "von_neumann": 0.6900935173034668}