{"overlap": 0.17604988813400269, "von_neumann": 1.4996353387832642}