{"overlap": 0.4484228193759918, "von_neumann": 0.11536076664924622}