{"overlap": 0.26431775093078613, "von_neumann": 1.282807469367981}