{"overlap": 0.4166518747806549, "von_neumann": 0.5137003660202026}