{"overlap": 0.30209261178970337, "von_neumann": 0.572598934173584}