{"overlap": 0.3333829641342163, "von_neumann": 0.6356559991836548}