{"overlap": 0.21425586938858032, "von_neumann": 1.3819812536239624}