{"overlap": 0.2934247553348541, "von_neumann": 0.46267467737197876}