{"overlap": 0.29832708835601807, "von_neumann": 0.6854110360145569}