{"overlap": 0.2441130131483078, "von_neumann": 1.174809217453003}