{"overlap": 0.24737046658992767, "von_neumann": 1.0658841133117676}