{"overlap": 0.229542076587677, "von_neumann": 0.0962078720331192}