{"overlap": 0.21761442720890045, "von_neumann": 1.3254657983779907}