{"overlap": 0.2953120470046997, "von_neumann": 0.6259453892707825}