{"overlap": 0.48822954297065735, "von_neumann": 0.4152311682701111}