{"overlap": 0.35124847292900085, "von_neumann": 0.20955440402030945}