{"overlap": 0.1844252049922943, "von_neumann": 0.7118512392044067}