{"overlap": 0.24002878367900848, "von_neumann": 1.3336732387542725}