{"overlap": 0.22288915514945984, "von_neumann": 1.5758066177368164}