{"overlap": 0.17636625468730927, "von_neumann": 0.5575657486915588}