{"overlap": 0.3688475489616394, "von_neumann": 0.7433003783226013}