{"overlap": 0.2875862121582031, "von_neumann": 1.338494062423706}