{"overlap": 0.26883119344711304, "von_neumann": 1.1353679895401}