{"overlap": 0.32567858695983887, "von_neumann": 0.4281761050224304}