{"overlap": 0.2540746033191681, "von_neumann": 0.9571393728256226}