{"overlap": 0.3218049108982086, "von_neumann": 0.9231240749359131}