{"overlap": 0.21691158413887024, "von_neumann": 1.5324485301971436}