{"overlap": 0.4315716624259949, "von_neumann": 0.44763898849487305}