{"overlap": 0.21256251633167267, "von_neumann": 1.86759352684021}