{"overlap": 0.18819589912891388, "von_neumann": 1.597440242767334}