{"overlap": 0.22550155222415924, "von_neumann": 1.2965977191925049}