{"overlap": 0.15871714055538177, "von_neumann": 1.933985710144043}