{"overlap": 0.1787455528974533, "von_neumann": 1.5813920497894287}