{"overlap": 0.2363220453262329, "von_neumann": 0.7063913345336914}