{"overlap": 0.18893836438655853, "von_neumann": 1.821306824684143}