{"overlap": 0.4248998165130615, "von_neumann": 0.48391497135162354}