{"overlap": 0.14812979102134705, "von_neumann": 1.8103872537612915}