{"overlap": 0.275385320186615, "von_neumann": 0.9350290298461914}