{"overlap": 0.39124083518981934, "von_neumann": 0.9022257328033447}