{"overlap": 0.2501683235168457, "von_neumann": 0.9217948317527771}