{"overlap": 0.17456325888633728, "von_neumann": 1.7064924240112305}