{"overlap": 0.23433856666088104, "von_neumann": 1.61492919921875}