{"overlap": 0.2548011243343353, "von_neumann": 1.3483681678771973}