{"overlap": 0.258383572101593, "von_neumann": 0.9486404657363892}