{"overlap": 0.5012661814689636, "von_neumann": 0.023948214948177338}