{"overlap": 0.19733227789402008, "von_neumann": 1.221930742263794}