{"overlap": 0.18319860100746155, "von_neumann": 1.5344765186309814}