{"overlap": 0.2535538673400879, "von_neumann": 1.1118135452270508}