{"overlap": 0.4321383833885193, "von_neumann": 0.0031973612494766712}