{"overlap": 0.2678673267364502, "von_neumann": 1.3275842666625977}