{"overlap": 0.21148502826690674, "von_neumann": 1.4719440937042236}