{"overlap": 0.5277346968650818, "von_neumann": 0.024004463106393814}