{"overlap": 0.19299089908599854, "von_neumann": 1.2794517278671265}