{"overlap": 0.2216092348098755, "von_neumann": 0.6981697678565979}