{"overlap": 0.22927309572696686, "von_neumann": 1.2791324853897095}