{"overlap": 0.22979135811328888, "von_neumann": 0.14959925413131714}