{"overlap": 0.24769499897956848, "von_neumann": 1.5414485931396484}