{"overlap": 0.2784459888935089, "von_neumann": 0.6418235301971436}