{"overlap": 0.15854622423648834, "von_neumann": 1.8717365264892578}