{"overlap": 0.24744361639022827, "von_neumann": 1.2719792127609253}