{"overlap": 0.6064828634262085, "von_neumann": 0.6836784482002258}