{"overlap": 0.49266836047172546, "von_neumann": 0.20957227051258087}