{"overlap": 0.2164447009563446, "von_neumann": 1.8012151718139648}