{"overlap": 0.3900638520717621, "von_neumann": 0.11632344126701355}