{"overlap": 0.22428475320339203, "von_neumann": 1.535935640335083}