{"overlap": 0.23115694522857666, "von_neumann": 1.4060975313186646}