{"overlap": 0.1557387262582779, "von_neumann": 2.0374197959899902}