{"overlap": 0.3905581831932068, "von_neumann": 0.643215537071228}