{"overlap": 0.4407787621021271, "von_neumann": 0.03816436231136322}