{"overlap": 0.6187958121299744, "von_neumann": 0.02487867884337902}