{"overlap": 0.4549942910671234, "von_neumann": 0.31013867259025574}