{"overlap": 0.25096583366394043, "von_neumann": 0.7922349572181702}