{"overlap": 0.20550307631492615, "von_neumann": 1.9556982517242432}