{"overlap": 0.17728568613529205, "von_neumann": 1.970966100692749}