{"overlap": 0.18668532371520996, "von_neumann": 1.1128753423690796}