{"overlap": 0.5328949093818665, "von_neumann": 0.009579973295331001}