{"overlap": 0.3552777171134949, "von_neumann": 0.44095492362976074}