{"overlap": 0.25818362832069397, "von_neumann": 0.963586151599884}