{"overlap": 0.19988074898719788, "von_neumann": 1.219655990600586}