{"overlap": 0.2588808238506317, "von_neumann": 0.9942676424980164}