{"overlap": 0.3661072552204132, "von_neumann": 0.4658287763595581}