{"overlap": 0.22224034368991852, "von_neumann": 0.6798916459083557}