{"overlap": 0.42851337790489197, "von_neumann": 0.43759095668792725}