{"overlap": 0.21177783608436584, "von_neumann": 1.5506744384765625}