{"overlap": 0.38794246315956116, "von_neumann": 0.6787991523742676}