{"overlap": 0.33026939630508423, "von_neumann": 1.1189488172531128}