{"overlap": 0.184989333152771, "von_neumann": 1.8487547636032104}