{"overlap": 0.4362679421901703, "von_neumann": 1.0368797779083252}