{"overlap": 0.480237752199173, "von_neumann": 0.042118147015571594}