{"overlap": 0.5612692832946777, "von_neumann": 0.11669264733791351}