{"overlap": 0.27874767780303955, "von_neumann": 1.258845567703247}