{"overlap": 0.46312469244003296, "von_neumann": 0.5174378156661987}