{"overlap": 0.2687274217605591, "von_neumann": 1.6133499145507812}