{"overlap": 0.28450626134872437, "von_neumann": 0.3483026623725891}