{"overlap": 0.6972073912620544, "von_neumann": 0.01239864807575941}