{"overlap": 0.3261794447898865, "von_neumann": 0.823880672454834}