{"overlap": 0.4131953716278076, "von_neumann": 0.023838071152567863}