{"overlap": 0.20681606233119965, "von_neumann": 1.718796730041504}