{"overlap": 0.2853126525878906, "von_neumann": 1.239166021347046}