{"overlap": 0.4089902937412262, "von_neumann": 0.5727806687355042}