{"overlap": 0.23902873694896698, "von_neumann": 0.37930139899253845}