{"overlap": 0.15451763570308685, "von_neumann": 1.5963630676269531}