{"overlap": 0.14412067830562592, "von_neumann": 1.958498477935791}