{"overlap": 0.3038264811038971, "von_neumann": 0.9908600449562073}