{"overlap": 0.18044544756412506, "von_neumann": 1.8763198852539062}