{"overlap": 0.18220601975917816, "von_neumann": 1.8398690223693848}