{"overlap": 0.25772202014923096, "von_neumann": 0.3775195777416229}