{"overlap": 0.39959821105003357, "von_neumann": 0.7517442107200623}