{"overlap": 0.1580764800310135, "von_neumann": 2.112964630126953}