{"overlap": 0.2152073085308075, "von_neumann": 1.5553381443023682}