{"overlap": 0.1675337702035904, "von_neumann": 1.4718036651611328}