{"overlap": 0.2254108488559723, "von_neumann": 0.7214590311050415}