{"overlap": 0.5100575685501099, "von_neumann": 0.36084431409835815}