{"overlap": 0.21439631283283234, "von_neumann": 1.5651017427444458}