{"overlap": 0.20985598862171173, "von_neumann": 1.2804608345031738}