{"overlap": 0.48854580521583557, "von_neumann": 0.04039291664958}