{"overlap": 0.41836148500442505, "von_neumann": 0.22916434705257416}