{"overlap": 0.2758021354675293, "von_neumann": 1.0790038108825684}