{"overlap": 0.6150108575820923, "von_neumann": 0.15169507265090942}