{"overlap": 0.17693889141082764, "von_neumann": 1.4654549360275269}