{"overlap": 0.2935182750225067, "von_neumann": 0.6541308760643005}