{"overlap": 0.28287678956985474, "von_neumann": 0.23879453539848328}