{"overlap": 0.26529887318611145, "von_neumann": 1.4896783828735352}