{"overlap": 0.16621063649654388, "von_neumann": 0.1096249520778656}