{"overlap": 0.2926679849624634, "von_neumann": 1.1113271713256836}