{"overlap": 0.14794820547103882, "von_neumann": 1.3782601356506348}