{"overlap": 0.22452691197395325, "von_neumann": 0.925578236579895}