{"overlap": 0.38252317905426025, "von_neumann": 0.7437339425086975}