{"overlap": 0.1705225259065628, "von_neumann": 1.688409447669983}