{"overlap": 0.20278219878673553, "von_neumann": 1.62013840675354}