{"overlap": 0.18458567559719086, "von_neumann": 1.446109652519226}