{"overlap": 0.44313931465148926, "von_neumann": 0.28825169801712036}