{"overlap": 0.29221677780151367, "von_neumann": 0.3386338949203491}