{"overlap": 0.4446306824684143, "von_neumann": 0.39434611797332764}