{"overlap": 0.40613460540771484, "von_neumann": 0.22706952691078186}