{"overlap": 0.18081854283809662, "von_neumann": 1.2774558067321777}