{"overlap": 0.40275850892066956, "von_neumann": 0.7132737040519714}