{"overlap": 0.33606618642807007, "von_neumann": 1.119480848312378}