{"overlap": 0.2591758072376251, "von_neumann": 0.6481233835220337}