{"overlap": 0.14783936738967896, "von_neumann": 1.9980006217956543}