{"overlap": 0.22930483520030975, "von_neumann": 1.7069895267486572}