{"overlap": 0.13935774564743042, "von_neumann": 2.0477499961853027}