{"overlap": 0.21671776473522186, "von_neumann": 1.8126652240753174}