{"overlap": 0.15419775247573853, "von_neumann": 1.6748104095458984}