{"overlap": 0.15587852895259857, "von_neumann": 1.982552409172058}