{"overlap": 0.2314825803041458, "von_neumann": 1.590054988861084}