{"overlap": 0.3899770975112915, "von_neumann": 0.7980402708053589}