{"overlap": 0.24089455604553223, "von_neumann": 1.137860655784607}