{"overlap": 0.15575608611106873, "von_neumann": 1.9846270084381104}