{"overlap": 0.33663326501846313, "von_neumann": 0.6399543285369873}