{"overlap": 0.33257898688316345, "von_neumann": 0.6031419038772583}