{"overlap": 0.24976953864097595, "von_neumann": 0.6486550569534302}