{"overlap": 0.1721642017364502, "von_neumann": 1.9822512865066528}