{"overlap": 0.14225946366786957, "von_neumann": 0.40954262018203735}