{"overlap": 0.30782291293144226, "von_neumann": 0.08254624158143997}