{"overlap": 0.2013283222913742, "von_neumann": 1.5636372566223145}