{"overlap": 0.39396828413009644, "von_neumann": 0.7308961153030396}