{"overlap": 0.2007402628660202, "von_neumann": 1.6422075033187866}