{"overlap": 0.21119359135627747, "von_neumann": 1.0957595109939575}