{"overlap": 0.231547012925148, "von_neumann": 1.9682010412216187}