{"overlap": 0.5084763169288635, "von_neumann": 0.004060575272887945}