{"overlap": 0.30944064259529114, "von_neumann": 0.24946272373199463}