{"overlap": 0.2526668906211853, "von_neumann": 0.0241781584918499}