{"overlap": 0.3440049886703491, "von_neumann": 0.709213376045227}