{"overlap": 0.2083366960287094, "von_neumann": 1.145226001739502}