{"overlap": 0.2261722832918167, "von_neumann": 0.257811039686203}