{"overlap": 0.18220993876457214, "von_neumann": 1.6745071411132812}