{"overlap": 0.4834965765476227, "von_neumann": 0.15666140615940094}