{"overlap": 0.23328769207000732, "von_neumann": 1.5076711177825928}