{"overlap": 0.19135886430740356, "von_neumann": 1.9296908378601074}