{"overlap": 0.17809385061264038, "von_neumann": 1.8052538633346558}