{"overlap": 0.22932033240795135, "von_neumann": 0.45439547300338745}