{"overlap": 0.2210148721933365, "von_neumann": 1.0174665451049805}