{"overlap": 0.37524253129959106, "von_neumann": 0.5248915553092957}