{"overlap": 0.1407727748155594, "von_neumann": 2.016530990600586}