{"overlap": 0.25935712456703186, "von_neumann": 0.9677372574806213}