{"overlap": 0.18542975187301636, "von_neumann": 1.4648513793945312}