{"overlap": 0.22377462685108185, "von_neumann": 1.7605081796646118}