{"overlap": 0.23141001164913177, "von_neumann": 1.2069147825241089}