{"overlap": 0.2229980081319809, "von_neumann": 1.6312735080718994}