{"overlap": 0.16808614134788513, "von_neumann": 1.8802013397216797}