{"overlap": 0.5120263695716858, "von_neumann": 0.36667004227638245}