{"overlap": 0.2438601851463318, "von_neumann": 0.06425806134939194}