{"overlap": 0.19440534710884094, "von_neumann": 1.9416426420211792}