{"overlap": 0.19700416922569275, "von_neumann": 1.8351032733917236}