{"overlap": 0.29433855414390564, "von_neumann": 0.6548870801925659}