{"overlap": 0.3293513059616089, "von_neumann": 0.8799766302108765}