{"overlap": 0.1751066893339157, "von_neumann": 1.4781724214553833}