{"overlap": 0.19097907841205597, "von_neumann": 1.5802299976348877}