{"overlap": 0.24897031486034393, "von_neumann": 0.7588087320327759}