{"overlap": 0.3679715096950531, "von_neumann": 0.2848290205001831}