{"overlap": 0.27033817768096924, "von_neumann": 1.2296546697616577}