{"overlap": 0.1846006214618683, "von_neumann": 1.9794317483901978}