{"overlap": 0.1682535707950592, "von_neumann": 1.9567818641662598}