{"overlap": 0.3790949881076813, "von_neumann": 0.15541771054267883}