{"overlap": 0.3284185826778412, "von_neumann": 0.7443663477897644}