{"overlap": 0.2225053459405899, "von_neumann": 1.5510485172271729}