{"overlap": 0.19617338478565216, "von_neumann": 1.675762414932251}