{"overlap": 0.29092785716056824, "von_neumann": 0.41093218326568604}