{"overlap": 0.17351119220256805, "von_neumann": 1.7696938514709473}