{"overlap": 0.18499581515789032, "von_neumann": 1.6097090244293213}