{"overlap": 0.1746319979429245, "von_neumann": 1.840498924255371}