{"overlap": 0.722625732421875, "von_neumann": 0.021028881892561913}