{"overlap": 0.3027152419090271, "von_neumann": 0.4367173910140991}