{"overlap": 0.22973816096782684, "von_neumann": 1.1600003242492676}