{"overlap": 0.3933568000793457, "von_neumann": 0.3257676064968109}