{"overlap": 0.19155114889144897, "von_neumann": 1.1372970342636108}