{"overlap": 0.22931396961212158, "von_neumann": 1.5567843914031982}