{"overlap": 0.2738000452518463, "von_neumann": 0.17327812314033508}