{"overlap": 0.2983538508415222, "von_neumann": 0.9691281318664551}