{"overlap": 0.2890271544456482, "von_neumann": 0.5317381620407104}