{"overlap": 0.359695702791214, "von_neumann": 0.795741856098175}