{"overlap": 0.2714167833328247, "von_neumann": 1.1747866868972778}