{"overlap": 0.2542358338832855, "von_neumann": 1.4534903764724731}