{"overlap": 0.21555006504058838, "von_neumann": 0.8904554843902588}