{"overlap": 0.18685810267925262, "von_neumann": 1.7952574491500854}