{"overlap": 0.4930036664009094, "von_neumann": 0.4963589906692505}