{"overlap": 0.6009653806686401, "von_neumann": 0.04454422742128372}