{"overlap": 0.15960991382598877, "von_neumann": 1.8274885416030884}