{"overlap": 0.23605284094810486, "von_neumann": 1.5079625844955444}