{"overlap": 0.18725039064884186, "von_neumann": 1.723657488822937}