{"overlap": 0.25610777735710144, "von_neumann": 0.51563560962677}