{"overlap": 0.2791428864002228, "von_neumann": 0.5375431776046753}