{"overlap": 0.20453493297100067, "von_neumann": 1.9514148235321045}