{"overlap": 0.4592363238334656, "von_neumann": 0.5854437947273254}