{"overlap": 0.28382810950279236, "von_neumann": 1.1729787588119507}