{"overlap": 0.19365258514881134, "von_neumann": 1.7749007940292358}