{"overlap": 0.16857695579528809, "von_neumann": 2.0250422954559326}