{"overlap": 0.2323763370513916, "von_neumann": 1.3178954124450684}