{"overlap": 0.1333533674478531, "von_neumann": 2.1203505992889404}