{"overlap": 0.2946459650993347, "von_neumann": 0.4136394262313843}