{"overlap": 0.2728680372238159, "von_neumann": 0.45213717222213745}