{"overlap": 0.26433661580085754, "von_neumann": 0.048755813390016556}