{"overlap": 0.25941208004951477, "von_neumann": 0.5625051259994507}