{"overlap": 0.4824220836162567, "von_neumann": 0.5238900780677795}