{"overlap": 0.17430604994297028, "von_neumann": 1.7354081869125366}