{"overlap": 0.3269708454608917, "von_neumann": 0.40461379289627075}