{"overlap": 0.17672568559646606, "von_neumann": 1.6883659362792969}