{"overlap": 0.15955865383148193, "von_neumann": 0.5279491543769836}