{"overlap": 0.15230213105678558, "von_neumann": 0.5264424085617065}