{"overlap": 0.16520828008651733, "von_neumann": 1.8980469703674316}