{"overlap": 0.22630323469638824, "von_neumann": 0.15729504823684692}