{"overlap": 0.37643077969551086, "von_neumann": 0.6978811025619507}