{"overlap": 0.20488841831684113, "von_neumann": 1.6236798763275146}