{"overlap": 0.18436965346336365, "von_neumann": 1.617250680923462}