{"overlap": 0.19596104323863983, "von_neumann": 1.3010165691375732}