{"overlap": 0.2513169050216675, "von_neumann": 1.383272647857666}