{"overlap": 0.27324867248535156, "von_neumann": 0.672545313835144}