{"overlap": 0.278774231672287, "von_neumann": 1.0110443830490112}