{"overlap": 0.21993166208267212, "von_neumann": 1.6031904220581055}