{"overlap": 0.30023619532585144, "von_neumann": 0.5077893137931824}