{"overlap": 0.15868182480335236, "von_neumann": 1.6677093505859375}