{"overlap": 0.1676367223262787, "von_neumann": 1.9570932388305664}