{"overlap": 0.36069798469543457, "von_neumann": 0.3601297438144684}