{"overlap": 0.16325733065605164, "von_neumann": 1.9050318002700806}