{"overlap": 0.33309680223464966, "von_neumann": 0.10329878330230713}