{"overlap": 0.16328014433383942, "von_neumann": 1.8595739603042603}