{"overlap": 0.4390309751033783, "von_neumann": 0.1843949407339096}