{"overlap": 0.23907017707824707, "von_neumann": 1.3927931785583496}