{"overlap": 0.5313855409622192, "von_neumann": 0.3115827441215515}