{"overlap": 0.18561027944087982, "von_neumann": 1.4921501874923706}