{"overlap": 0.4830920696258545, "von_neumann": 0.6068158149719238}