{"overlap": 0.1685466319322586, "von_neumann": 1.3210370540618896}