{"overlap": 0.26709192991256714, "von_neumann": 1.4504884481430054}