{"overlap": 0.2781599164009094, "von_neumann": 0.6292811632156372}