{"overlap": 0.24129709601402283, "von_neumann": 1.0563238859176636}