{"overlap": 0.2135927826166153, "von_neumann": 0.9217153787612915}