{"overlap": 0.33453455567359924, "von_neumann": 0.9949934482574463}