{"overlap": 0.19498851895332336, "von_neumann": 0.6473040580749512}