{"overlap": 0.6756904125213623, "von_neumann": 0.06072245165705681}