{"overlap": 0.3707711100578308, "von_neumann": 0.4277331233024597}