{"overlap": 0.27573224902153015, "von_neumann": 1.2574414014816284}