{"overlap": 0.18351401388645172, "von_neumann": 1.7842442989349365}