{"overlap": 0.18009451031684875, "von_neumann": 1.6238089799880981}