{"overlap": 0.17162299156188965, "von_neumann": 1.9138644933700562}