{"overlap": 0.17798611521720886, "von_neumann": 1.4396145343780518}