{"overlap": 0.6310155391693115, "von_neumann": 0.29862335324287415}