{"overlap": 0.19861659407615662, "von_neumann": 1.4631904363632202}