{"overlap": 0.2683258354663849, "von_neumann": 1.214767336845398}