{"overlap": 0.26946359872817993, "von_neumann": 0.5319892764091492}