{"overlap": 0.3286454975605011, "von_neumann": 0.43131718039512634}