{"overlap": 0.22680781781673431, "von_neumann": 1.476362943649292}