{"overlap": 0.37958329916000366, "von_neumann": 1.0688621997833252}