{"overlap": 0.1961064636707306, "von_neumann": 1.0581196546554565}