{"overlap": 0.1599666029214859, "von_neumann": 1.6294920444488525}