{"overlap": 0.3396523892879486, "von_neumann": 0.48409444093704224}