{"overlap": 0.34695884585380554, "von_neumann": 0.16883596777915955}