{"overlap": 0.20980986952781677, "von_neumann": 1.5529029369354248}