{"overlap": 0.1844630241394043, "von_neumann": 1.9220690727233887}