{"overlap": 0.36964836716651917, "von_neumann": 1.076188325881958}