{"overlap": 0.19557499885559082, "von_neumann": 1.2738476991653442}