{"overlap": 0.25153499841690063, "von_neumann": 0.1439877450466156}