{"overlap": 0.242352694272995, "von_neumann": 1.479712963104248}