{"overlap": 0.3681550920009613, "von_neumann": 0.28150421380996704}