{"overlap": 0.2361404001712799, "von_neumann": 1.5468744039535522}