{"overlap": 0.20182392001152039, "von_neumann": 1.9217818975448608}