{"overlap": 0.15973323583602905, "von_neumann": 1.86141037940979}