{"overlap": 0.232070654630661, "von_neumann": 1.3564846515655518}