{"overlap": 0.1897486001253128, "von_neumann": 1.8575786352157593}