{"overlap": 0.17110960185527802, "von_neumann": 2.012019634246826}