{"overlap": 0.4435283839702606, "von_neumann": 0.04110713675618172}