{"overlap": 0.27755504846572876, "von_neumann": 0.4522354006767273}