{"overlap": 0.23289082944393158, "von_neumann": 1.1427860260009766}