{"overlap": 0.23546648025512695, "von_neumann": 1.43362295627594}