{"overlap": 0.17341934144496918, "von_neumann": 1.7019068002700806}