{"overlap": 0.22563008964061737, "von_neumann": 1.1898983716964722}