{"overlap": 0.47196635603904724, "von_neumann": 0.6556770205497742}