{"overlap": 0.18617704510688782, "von_neumann": 1.4397835731506348}