{"overlap": 0.28997331857681274, "von_neumann": 1.2372584342956543}