{"overlap": 0.2567882239818573, "von_neumann": 1.152740240097046}