{"overlap": 0.2746138572692871, "von_neumann": 0.987278938293457}