{"overlap": 0.3562915623188019, "von_neumann": 0.5610224604606628}