{"overlap": 0.34056997299194336, "von_neumann": 0.19773681461811066}