{"overlap": 0.2465473711490631, "von_neumann": 1.1406090259552002}