{"overlap": 0.17051827907562256, "von_neumann": 1.6877752542495728}