{"overlap": 0.28165966272354126, "von_neumann": 0.33276695013046265}