{"overlap": 0.47441035509109497, "von_neumann": 0.48657524585723877}