{"overlap": 0.5918231010437012, "von_neumann": 0.12649290263652802}