{"overlap": 0.262722373008728, "von_neumann": 1.3677806854248047}