{"overlap": 0.26473110914230347, "von_neumann": 1.218889594078064}