{"overlap": 0.513844907283783, "von_neumann": 0.28768572211265564}