{"overlap": 0.17431803047657013, "von_neumann": 1.0645313262939453}