{"overlap": 0.2362050861120224, "von_neumann": 1.813115119934082}