{"overlap": 0.21997161209583282, "von_neumann": 1.3594396114349365}