{"overlap": 0.20112575590610504, "von_neumann": 0.5305222272872925}