{"overlap": 0.2003372758626938, "von_neumann": 1.524770736694336}