{"overlap": 0.2092680186033249, "von_neumann": 1.7008827924728394}