{"overlap": 0.18929606676101685, "von_neumann": 1.7369639873504639}