{"overlap": 0.3217582702636719, "von_neumann": 0.8818901777267456}