{"overlap": 0.31026071310043335, "von_neumann": 0.6216657161712646}