{"overlap": 0.23522716760635376, "von_neumann": 1.1739568710327148}