{"overlap": 0.27443063259124756, "von_neumann": 1.2966406345367432}