{"overlap": 0.519022524356842, "von_neumann": 0.5397300124168396}