{"overlap": 0.2420385628938675, "von_neumann": 1.2565350532531738}