{"overlap": 0.1607673168182373, "von_neumann": 1.854738712310791}