{"overlap": 0.3482833206653595, "von_neumann": 0.7325103282928467}