{"overlap": 0.3186472952365875, "von_neumann": 1.251063585281372}