{"overlap": 0.2553393244743347, "von_neumann": 1.5658737421035767}