{"overlap": 0.2099997103214264, "von_neumann": 1.428806185722351}