{"overlap": 0.42558711767196655, "von_neumann": 0.2884924113750458}