{"overlap": 0.266788125038147, "von_neumann": 0.23863255977630615}