{"overlap": 0.2039775401353836, "von_neumann": 0.694821298122406}