{"overlap": 0.18448646366596222, "von_neumann": 1.7185174226760864}