{"overlap": 0.20688937604427338, "von_neumann": 1.8158283233642578}