{"overlap": 0.2783981263637543, "von_neumann": 0.2505730390548706}