{"overlap": 0.4313185214996338, "von_neumann": 0.24969390034675598}