{"overlap": 0.6778283715248108, "von_neumann": 0.143773153424263}