{"overlap": 0.1846998780965805, "von_neumann": 1.5458589792251587}