{"overlap": 0.24411149322986603, "von_neumann": 0.9987663626670837}