{"overlap": 0.25500211119651794, "von_neumann": 1.4504717588424683}