{"overlap": 0.6771239042282104, "von_neumann": 0.14026975631713867}