{"overlap": 0.2017669826745987, "von_neumann": 1.7767107486724854}