{"overlap": 0.2678397297859192, "von_neumann": 0.6253922581672668}