{"overlap": 0.28217554092407227, "von_neumann": 0.8600466847419739}