{"overlap": 0.193969264626503, "von_neumann": 2.063891887664795}