{"overlap": 0.23665840923786163, "von_neumann": 1.4021410942077637}