{"overlap": 0.2342723160982132, "von_neumann": 0.8064978122711182}