{"overlap": 0.25715014338493347, "von_neumann": 0.3430081009864807}