{"overlap": 0.46403491497039795, "von_neumann": 0.5844901204109192}