{"overlap": 0.516339898109436, "von_neumann": 0.3055398166179657}