{"overlap": 0.4552880823612213, "von_neumann": 0.008968029171228409}