{"overlap": 0.2436213195323944, "von_neumann": 1.08363938331604}