{"overlap": 0.21649830043315887, "von_neumann": 1.2122105360031128}