{"overlap": 0.543476402759552, "von_neumann": 0.007331562228500843}