{"overlap": 0.32190078496932983, "von_neumann": 0.7462764978408813}