{"overlap": 0.2368917018175125, "von_neumann": 1.391677737236023}