{"overlap": 0.3831678330898285, "von_neumann": 0.40014147758483887}