{"overlap": 0.29355767369270325, "von_neumann": 0.6854656934738159}