{"overlap": 0.2253527045249939, "von_neumann": 0.6741628050804138}