{"overlap": 0.30474376678466797, "von_neumann": 0.753059446811676}