{"overlap": 0.2717309892177582, "von_neumann": 1.3681468963623047}