{"overlap": 0.44038155674934387, "von_neumann": 0.41913479566574097}