{"overlap": 0.1960592120885849, "von_neumann": 1.8522838354110718}