{"overlap": 0.3082163333892822, "von_neumann": 0.2735936641693115}