{"overlap": 0.18777023255825043, "von_neumann": 2.0580835342407227}