{"overlap": 0.16978979110717773, "von_neumann": 2.0829646587371826}