{"overlap": 0.3384367525577545, "von_neumann": 0.7100533246994019}