{"overlap": 0.2746236324310303, "von_neumann": 0.41572996973991394}