{"overlap": 0.17374275624752045, "von_neumann": 1.3299860954284668}