{"overlap": 0.6053087711334229, "von_neumann": 0.09324003756046295}