{"overlap": 0.14837588369846344, "von_neumann": 2.0867698192596436}