{"overlap": 0.3047798275947571, "von_neumann": 0.39778780937194824}