{"overlap": 0.1791112869977951, "von_neumann": 1.7655901908874512}