{"overlap": 0.1510879248380661, "von_neumann": 1.9874770641326904}