{"overlap": 0.3852508068084717, "von_neumann": 0.23552876710891724}