{"overlap": 0.3315573036670685, "von_neumann": 0.1330842524766922}