{"overlap": 0.17572854459285736, "von_neumann": 1.7924566268920898}