{"overlap": 0.15396052598953247, "von_neumann": 1.7633082866668701}