{"overlap": 0.2797011137008667, "von_neumann": 0.9695184230804443}