{"overlap": 0.23466499149799347, "von_neumann": 1.325343370437622}