{"overlap": 0.1850627064704895, "von_neumann": 1.3452026844024658}