{"overlap": 0.26701200008392334, "von_neumann": 1.2648941278457642}