{"overlap": 0.1893867701292038, "von_neumann": 1.4226727485656738}