{"overlap": 0.48604801297187805, "von_neumann": 0.25037819147109985}