{"overlap": 0.298705518245697, "von_neumann": 0.5336012840270996}