{"overlap": 0.43306249380111694, "von_neumann": 0.5170598030090332}