{"overlap": 0.3377075791358948, "von_neumann": 0.9167789816856384}