{"overlap": 0.17468273639678955, "von_neumann": 1.2551450729370117}