{"overlap": 0.4885160028934479, "von_neumann": 0.1652626395225525}