{"overlap": 0.3786867558956146, "von_neumann": 0.4793708026409149}