{"overlap": 0.2977273464202881, "von_neumann": 1.1474589109420776}