{"overlap": 0.4413277506828308, "von_neumann": 0.1746295839548111}