{"overlap": 0.22137179970741272, "von_neumann": 1.284552812576294}