{"overlap": 0.3117867708206177, "von_neumann": 0.6865931749343872}