{"overlap": 0.2513190507888794, "von_neumann": 0.5456932187080383}