{"overlap": 0.2057412713766098, "von_neumann": 1.2564715147018433}