{"overlap": 0.24355663359165192, "von_neumann": 1.3965952396392822}