{"overlap": 0.21845026314258575, "von_neumann": 1.2519606351852417}