{"overlap": 0.19847409427165985, "von_neumann": 1.688628911972046}