{"overlap": 0.21847043931484222, "von_neumann": 1.8819093704223633}