{"overlap": 0.2786092162132263, "von_neumann": 1.4234302043914795}