{"overlap": 0.2838975489139557, "von_neumann": 0.08023761957883835}