{"overlap": 0.5049374103546143, "von_neumann": 0.7653118371963501}