{"overlap": 0.4461924135684967, "von_neumann": 0.2760392427444458}