{"overlap": 0.18690359592437744, "von_neumann": 1.7366914749145508}