{"overlap": 0.4574030637741089, "von_neumann": 0.35637566447257996}