{"overlap": 0.42142555117607117, "von_neumann": 0.06194883957505226}