{"overlap": 0.24374565482139587, "von_neumann": 1.1365059614181519}