{"overlap": 0.26514384150505066, "von_neumann": 0.9455944299697876}