{"overlap": 0.4785598814487457, "von_neumann": 0.4427746832370758}