{"overlap": 0.3142508864402771, "von_neumann": 0.7639473676681519}