{"overlap": 0.38656795024871826, "von_neumann": 0.9056656360626221}