{"overlap": 0.19420525431632996, "von_neumann": 1.960270643234253}