{"overlap": 0.23420871794223785, "von_neumann": 0.8860851526260376}