{"overlap": 0.18358439207077026, "von_neumann": 1.6847188472747803}