{"overlap": 0.16724716126918793, "von_neumann": 2.1655566692352295}