{"overlap": 0.30527544021606445, "von_neumann": 1.20107901096344}