{"overlap": 0.2397230714559555, "von_neumann": 1.3373674154281616}