{"overlap": 0.1880793422460556, "von_neumann": 1.9135503768920898}