{"overlap": 0.1849803775548935, "von_neumann": 1.7312954664230347}