{"overlap": 0.26753559708595276, "von_neumann": 1.3220444917678833}