{"overlap": 0.39125436544418335, "von_neumann": 0.5550030469894409}