{"overlap": 0.2219623327255249, "von_neumann": 1.2692164182662964}