{"overlap": 0.2717745900154114, "von_neumann": 0.6387957334518433}