{"overlap": 0.21337181329727173, "von_neumann": 1.149898648262024}