{"overlap": 0.18032260239124298, "von_neumann": 1.4613152742385864}