{"overlap": 0.2244187444448471, "von_neumann": 1.3175609111785889}