{"overlap": 0.23473967611789703, "von_neumann": 1.3865855932235718}