{"overlap": 0.22856564819812775, "von_neumann": 1.502501130104065}