{"overlap": 0.20410026609897614, "von_neumann": 1.6947602033615112}