{"overlap": 0.2223547399044037, "von_neumann": 1.3358514308929443}