{"overlap": 0.32112976908683777, "von_neumann": 1.22639799118042}