{"overlap": 0.5801119804382324, "von_neumann": 0.3942373991012573}