{"overlap": 0.41415560245513916, "von_neumann": 0.13866113126277924}