{"overlap": 0.349386602640152, "von_neumann": 0.7238142490386963}