{"overlap": 0.2206810712814331, "von_neumann": 1.5373677015304565}