{"overlap": 0.24219435453414917, "von_neumann": 0.8853943347930908}