{"overlap": 0.7041871547698975, "von_neumann": 0.08913854509592056}