{"overlap": 0.23269791901111603, "von_neumann": 1.359677791595459}