{"overlap": 0.4329502284526825, "von_neumann": 0.7416660785675049}