{"overlap": 0.2005293369293213, "von_neumann": 1.8187873363494873}