{"overlap": 0.222555473446846, "von_neumann": 1.0590858459472656}