{"overlap": 0.17863376438617706, "von_neumann": 1.899022102355957}