{"overlap": 0.38581961393356323, "von_neumann": 0.19002528488636017}