{"overlap": 0.22124576568603516, "von_neumann": 1.467494249343872}