{"overlap": 0.1756460815668106, "von_neumann": 1.805612564086914}