{"overlap": 0.2880416810512543, "von_neumann": 1.6201286315917969}