{"overlap": 0.19670480489730835, "von_neumann": 1.501890778541565}