{"overlap": 0.27578189969062805, "von_neumann": 1.4891599416732788}