{"overlap": 0.6135209798812866, "von_neumann": 0.22619041800498962}