{"overlap": 0.17808106541633606, "von_neumann": 1.9137346744537354}