{"overlap": 0.17328114807605743, "von_neumann": 1.6098909378051758}