{"overlap": 0.185591459274292, "von_neumann": 1.1227960586547852}