{"overlap": 0.3557460308074951, "von_neumann": 0.5877591967582703}