{"overlap": 0.13178634643554688, "von_neumann": 2.1720409393310547}