{"overlap": 0.42010298371315, "von_neumann": 0.23064178228378296}