{"overlap": 0.24649277329444885, "von_neumann": 1.0797001123428345}