{"overlap": 0.19333453476428986, "von_neumann": 1.8879785537719727}