{"overlap": 0.2000633329153061, "von_neumann": 1.6790425777435303}