{"overlap": 0.26106005907058716, "von_neumann": 0.9492937326431274}