{"overlap": 0.512437641620636, "von_neumann": 0.07640531659126282}