{"overlap": 0.3061233162879944, "von_neumann": 1.394648790359497}