{"overlap": 0.19388215243816376, "von_neumann": 1.5633583068847656}