{"overlap": 0.6308544874191284, "von_neumann": 0.19843867421150208}