{"overlap": 0.1537867784500122, "von_neumann": 2.2800774574279785}