{"overlap": 0.1472265124320984, "von_neumann": 1.9071413278579712}