{"overlap": 0.34764695167541504, "von_neumann": 0.058481547981500626}