{"overlap": 0.2662046551704407, "von_neumann": 0.3476133346557617}