{"overlap": 0.3500817120075226, "von_neumann": 0.5955538153648376}