{"overlap": 0.39078211784362793, "von_neumann": 0.2901543080806732}