{"overlap": 0.2286149114370346, "von_neumann": 0.4763963520526886}