{"overlap": 0.30032220482826233, "von_neumann": 1.0532389879226685}