{"overlap": 0.4783591628074646, "von_neumann": 0.2650469243526459}