{"overlap": 0.41392943263053894, "von_neumann": 0.3630927801132202}