{"overlap": 0.2834399342536926, "von_neumann": 0.061872974038124084}