{"overlap": 0.2720787525177002, "von_neumann": 0.9554957747459412}