{"overlap": 0.29437896609306335, "von_neumann": 0.8863561153411865}