{"overlap": 0.23610147833824158, "von_neumann": 0.1011752188205719}