{"overlap": 0.21459324657917023, "von_neumann": 1.4160456657409668}