{"overlap": 0.1713421493768692, "von_neumann": 1.3462311029434204}