{"overlap": 0.1644173264503479, "von_neumann": 2.0232081413269043}