{"overlap": 0.28496333956718445, "von_neumann": 1.083336353302002}