{"overlap": 0.17303960025310516, "von_neumann": 2.112724542617798}