{"overlap": 0.33128342032432556, "von_neumann": 0.019620763137936592}