{"overlap": 0.1492702215909958, "von_neumann": 1.9222577810287476}