{"overlap": 0.3187950551509857, "von_neumann": 1.0238749980926514}