{"overlap": 0.17514283955097198, "von_neumann": 2.009420394897461}