{"overlap": 0.19559286534786224, "von_neumann": 1.5773292779922485}