{"overlap": 0.14617490768432617, "von_neumann": 1.9030731916427612}