{"overlap": 0.2860519587993622, "von_neumann": 0.746527910232544}