{"overlap": 0.15881229937076569, "von_neumann": 1.601485252380371}