{"overlap": 0.2193121463060379, "von_neumann": 1.389686107635498}