{"overlap": 0.31519973278045654, "von_neumann": 0.23552414774894714}