{"overlap": 0.5348214507102966, "von_neumann": 0.7076242566108704}