{"overlap": 0.20562393963336945, "von_neumann": 1.8479126691818237}