{"overlap": 0.17289449274539948, "von_neumann": 1.2586760520935059}