{"overlap": 0.17855900526046753, "von_neumann": 1.5916469097137451}