{"overlap": 0.17966793477535248, "von_neumann": 0.424165815114975}