{"overlap": 0.12787891924381256, "von_neumann": 0.151258647441864}