{"overlap": 0.24474699795246124, "von_neumann": 0.30204951763153076}