{"overlap": 0.340577095746994, "von_neumann": 0.36896374821662903}