{"overlap": 0.24118497967720032, "von_neumann": 0.7831330895423889}