{"overlap": 0.6209208369255066, "von_neumann": 0.13033662736415863}