{"overlap": 0.4151681065559387, "von_neumann": 0.1705162227153778}