{"overlap": 0.373935729265213, "von_neumann": 0.7288628220558167}