{"overlap": 0.27802643179893494, "von_neumann": 0.7338628768920898}