{"overlap": 0.16939955949783325, "von_neumann": 1.5331798791885376}