{"overlap": 0.254901647567749, "von_neumann": 0.909092128276825}