{"overlap": 0.49917349219322205, "von_neumann": 0.33498820662498474}