{"overlap": 0.5511678457260132, "von_neumann": 0.04844828322529793}