{"overlap": 0.663022518157959, "von_neumann": 0.12724916636943817}