{"overlap": 0.23974457383155823, "von_neumann": 1.241524338722229}