{"overlap": 0.16142241656780243, "von_neumann": 2.0793251991271973}