{"overlap": 0.24090735614299774, "von_neumann": 0.8425881862640381}