{"overlap": 0.3701792061328888, "von_neumann": 0.6383187770843506}