{"overlap": 0.43458935618400574, "von_neumann": 0.2577894926071167}