{"overlap": 0.1479443907737732, "von_neumann": 1.7731733322143555}