{"overlap": 0.14225417375564575, "von_neumann": 1.79702889919281}