{"overlap": 0.3381911814212799, "von_neumann": 1.3422479629516602}