{"overlap": 0.16785109043121338, "von_neumann": 1.834518313407898}