{"overlap": 0.3633347153663635, "von_neumann": 0.6144903898239136}