{"overlap": 0.2714638411998749, "von_neumann": 1.021543025970459}