{"overlap": 0.31721410155296326, "von_neumann": 0.6562908291816711}