{"overlap": 0.1838417798280716, "von_neumann": 1.4509849548339844}