{"overlap": 0.277512788772583, "von_neumann": 0.21394529938697815}