{"overlap": 0.2508782744407654, "von_neumann": 1.474395751953125}