{"overlap": 0.31825029850006104, "von_neumann": 1.0958824157714844}