{"overlap": 0.3516024053096771, "von_neumann": 0.46080029010772705}