{"overlap": 0.20372581481933594, "von_neumann": 1.7678253650665283}