{"overlap": 0.2851563096046448, "von_neumann": 1.188399076461792}