{"overlap": 0.36632946133613586, "von_neumann": 0.08291139453649521}