{"overlap": 0.19361037015914917, "von_neumann": 1.7259528636932373}