{"overlap": 0.4639723598957062, "von_neumann": 0.9526928663253784}