{"overlap": 0.18066076934337616, "von_neumann": 1.3467363119125366}