{"overlap": 0.4413701295852661, "von_neumann": 0.2268056422472}