{"overlap": 0.28065672516822815, "von_neumann": 1.3078612089157104}