{"overlap": 0.18041037023067474, "von_neumann": 2.007884979248047}