{"overlap": 0.25948789715766907, "von_neumann": 0.7635359764099121}