{"overlap": 0.1858673244714737, "von_neumann": 1.6671719551086426}