{"overlap": 0.19892720878124237, "von_neumann": 0.14274516701698303}