{"overlap": 0.4957529902458191, "von_neumann": 0.241678848862648}