{"overlap": 0.44682005047798157, "von_neumann": 0.6569380760192871}