{"overlap": 0.1916520744562149, "von_neumann": 1.526231288909912}