{"overlap": 0.33141693472862244, "von_neumann": 0.287436306476593}