{"overlap": 0.18397819995880127, "von_neumann": 1.3725112676620483}