{"overlap": 0.23078568279743195, "von_neumann": 0.5450186729431152}