{"overlap": 0.20312747359275818, "von_neumann": 1.7326754331588745}