{"overlap": 0.513710081577301, "von_neumann": 0.11012770235538483}