{"overlap": 0.214031383395195, "von_neumann": 1.8994789123535156}