{"overlap": 0.2214358150959015, "von_neumann": 0.5608547925949097}