{"overlap": 0.22042898833751678, "von_neumann": 1.5211946964263916}