{"overlap": 0.31177613139152527, "von_neumann": 0.8026182651519775}