{"overlap": 0.20118239521980286, "von_neumann": 1.2893943786621094}