{"overlap": 0.22794194519519806, "von_neumann": 1.3262256383895874}