{"overlap": 0.3751642107963562, "von_neumann": 0.25657740235328674}