{"overlap": 0.5741203427314758, "von_neumann": 0.7030287384986877}