{"overlap": 0.24599359929561615, "von_neumann": 1.186882734298706}