{"overlap": 0.19782733917236328, "von_neumann": 0.9054723381996155}