{"overlap": 0.24823305010795593, "von_neumann": 1.3116984367370605}