{"overlap": 0.23935557901859283, "von_neumann": 0.9529930353164673}