{"overlap": 0.19315779209136963, "von_neumann": 0.9333064556121826}