{"overlap": 0.17308680713176727, "von_neumann": 1.7801108360290527}