{"overlap": 0.32337987422943115, "von_neumann": 0.12103258073329926}