{"overlap": 0.1975429803133011, "von_neumann": 1.2899153232574463}