{"overlap": 0.2248404622077942, "von_neumann": 1.1186864376068115}