{"overlap": 0.17136478424072266, "von_neumann": 1.8453384637832642}