{"overlap": 0.22812175750732422, "von_neumann": 1.4205915927886963}