{"overlap": 0.36728551983833313, "von_neumann": 0.23481100797653198}