{"overlap": 0.3803807497024536, "von_neumann": 0.47151464223861694}