{"overlap": 0.2074335515499115, "von_neumann": 1.4038244485855103}