{"overlap": 0.5757453441619873, "von_neumann": 0.6734698414802551}