{"overlap": 0.3735834062099457, "von_neumann": 0.3356059789657593}