{"overlap": 0.20114180445671082, "von_neumann": 1.477306842803955}