{"overlap": 0.7012022733688354, "von_neumann": 0.06946662813425064}