{"overlap": 0.3272544741630554, "von_neumann": 0.7359730005264282}