{"overlap": 0.2808859944343567, "von_neumann": 1.0172115564346313}