{"overlap": 0.2476331889629364, "von_neumann": 1.2196085453033447}