{"overlap": 0.3632820248603821, "von_neumann": 0.7536706328392029}