{"overlap": 0.2869955897331238, "von_neumann": 0.9214835166931152}