{"overlap": 0.6200428009033203, "von_neumann": 0.3311249017715454}