{"overlap": 0.32323095202445984, "von_neumann": 0.6197668313980103}