{"overlap": 0.1874668449163437, "von_neumann": 1.5175220966339111}