{"overlap": 0.5183906555175781, "von_neumann": 0.07536129653453827}