{"overlap": 0.37659549713134766, "von_neumann": 0.022806383669376373}