{"overlap": 0.2909637689590454, "von_neumann": 0.9852326512336731}