{"overlap": 0.22715245187282562, "von_neumann": 0.017350871115922928}