{"overlap": 0.2111353576183319, "von_neumann": 1.1926708221435547}