{"overlap": 0.2365158200263977, "von_neumann": 0.6459739208221436}