{"overlap": 0.32640546560287476, "von_neumann": 0.9994519948959351}