{"overlap": 0.27835211157798767, "von_neumann": 1.1799415349960327}