{"overlap": 0.2943233847618103, "von_neumann": 0.9025668501853943}