{"overlap": 0.47052714228630066, "von_neumann": 0.6142444610595703}