{"overlap": 0.1824781894683838, "von_neumann": 1.5624938011169434}