{"overlap": 0.17731593549251556, "von_neumann": 0.19649046659469604}