{"overlap": 0.27940019965171814, "von_neumann": 1.4646105766296387}