{"overlap": 0.1699853539466858, "von_neumann": 1.4767723083496094}