{"overlap": 0.16816000640392303, "von_neumann": 1.8465728759765625}