{"overlap": 0.4455898404121399, "von_neumann": 0.17331932485103607}