{"overlap": 0.16127927601337433, "von_neumann": 2.2446494102478027}