{"overlap": 0.21277007460594177, "von_neumann": 1.3747400045394897}