{"overlap": 0.4301048219203949, "von_neumann": 0.1522262990474701}