{"overlap": 0.36019575595855713, "von_neumann": 0.4483884274959564}