{"overlap": 0.22817592322826385, "von_neumann": 1.399674415588379}