{"overlap": 0.2305627465248108, "von_neumann": 0.7687240839004517}