{"overlap": 0.3479304909706116, "von_neumann": 0.6977654695510864}