{"overlap": 1.3039680197834969e-06, "von_neumann": 0.13110843300819397}