{"overlap": 0.30799728631973267, "von_neumann": 1.1568272113800049}