{"overlap": 0.2058001458644867, "von_neumann": 1.291443109512329}