{"overlap": 0.15149158239364624, "von_neumann": 1.8853554725646973}