{"overlap": 0.5298287272453308, "von_neumann": 0.1919889748096466}