{"overlap": 0.3848593831062317, "von_neumann": 0.06750554591417313}