{"overlap": 0.2681978642940521, "von_neumann": 1.1084082126617432}