{"overlap": 0.20821335911750793, "von_neumann": 1.7070035934448242}