{"overlap": 0.4349600672721863, "von_neumann": 0.2329285442829132}