{"overlap": 0.16946977376937866, "von_neumann": 2.0298006534576416}