{"overlap": 0.15613730251789093, "von_neumann": 2.092689275741577}