{"overlap": 0.3082134425640106, "von_neumann": 0.4384787678718567}