{"overlap": 0.37145036458969116, "von_neumann": 0.4371603727340698}