{"overlap": 0.49200430512428284, "von_neumann": 0.07592925429344177}