{"overlap": 0.32790660858154297, "von_neumann": 0.36253121495246887}