{"overlap": 0.2513541579246521, "von_neumann": 1.2633882761001587}