{"overlap": 0.4819505512714386, "von_neumann": 0.7784608602523804}