{"overlap": 0.21380145847797394, "von_neumann": 0.13836833834648132}