{"overlap": 0.30968794226646423, "von_neumann": 0.9771736264228821}