{"overlap": 0.19918440282344818, "von_neumann": 1.482578992843628}