{"overlap": 0.422008216381073, "von_neumann": 0.4816092550754547}