{"overlap": 0.16541151702404022, "von_neumann": 1.9215846061706543}