{"overlap": 0.3649197518825531, "von_neumann": 0.028478248044848442}