{"overlap": 0.3217136859893799, "von_neumann": 0.14786742627620697}