{"overlap": 0.24220697581768036, "von_neumann": 1.638221263885498}