{"overlap": 0.38116970658302307, "von_neumann": 1.0577270984649658}