{"overlap": 0.28498923778533936, "von_neumann": 0.5821175575256348}