{"overlap": 0.4661802649497986, "von_neumann": 0.13501247763633728}