{"overlap": 0.31356820464134216, "von_neumann": 0.5512790679931641}