{"overlap": 0.24540871381759644, "von_neumann": 0.9408419132232666}