{"overlap": 0.6322519779205322, "von_neumann": 0.04478442296385765}