{"overlap": 0.2825218737125397, "von_neumann": 1.409039855003357}