{"overlap": 0.24133750796318054, "von_neumann": 1.4953348636627197}