{"overlap": 0.15599721670150757, "von_neumann": 2.1832475662231445}