{"overlap": 0.239683136343956, "von_neumann": 1.1790249347686768}