{"overlap": 0.3200039267539978, "von_neumann": 0.4627698063850403}