{"overlap": 0.20335355401039124, "von_neumann": 0.9070513248443604}