{"overlap": 0.21289844810962677, "von_neumann": 0.27609387040138245}