{"overlap": 0.196805939078331, "von_neumann": 1.7791399955749512}