{"overlap": 0.44370943307876587, "von_neumann": 0.7803245186805725}