{"overlap": 0.21472272276878357, "von_neumann": 0.7705190777778625}