{"overlap": 0.18183119595050812, "von_neumann": 1.7932524681091309}