{"overlap": 0.1857057362794876, "von_neumann": 1.4777051210403442}