{"overlap": 0.16165757179260254, "von_neumann": 1.4073731899261475}