{"overlap": 0.24127398431301117, "von_neumann": 1.5119948387145996}