{"overlap": 0.49822214245796204, "von_neumann": 0.22136129438877106}