{"overlap": 0.1675993651151657, "von_neumann": 1.7840120792388916}