{"overlap": 0.2143472582101822, "von_neumann": 0.8430454134941101}