{"overlap": 0.14247573912143707, "von_neumann": 2.020219087600708}