{"overlap": 0.40592506527900696, "von_neumann": 0.7839180827140808}