{"overlap": 0.7060372829437256, "von_neumann": 0.010657133534550667}