{"overlap": 0.3984023332595825, "von_neumann": 0.4915717840194702}