{"overlap": 0.23989197611808777, "von_neumann": 1.2161914110183716}