{"overlap": 0.3070976138114929, "von_neumann": 0.5158295035362244}