{"overlap": 0.5455368757247925, "von_neumann": 0.003008883912116289}