{"overlap": 0.28155025839805603, "von_neumann": 0.7485742568969727}