{"overlap": 0.578246533870697, "von_neumann": 0.24358269572257996}