{"overlap": 0.2042718529701233, "von_neumann": 1.6146422624588013}