{"overlap": 0.4649899899959564, "von_neumann": 0.28071415424346924}