{"overlap": 0.30912670493125916, "von_neumann": 0.10612387955188751}