{"overlap": 0.2221430093050003, "von_neumann": 0.4178239107131958}