{"overlap": 0.6078872084617615, "von_neumann": 0.3024900555610657}