{"overlap": 0.3148048222064972, "von_neumann": 0.14650912582874298}