{"overlap": 0.15874628722667694, "von_neumann": 2.0955333709716797}