{"overlap": 0.43099403381347656, "von_neumann": 0.6384696364402771}