{"overlap": 0.16637714207172394, "von_neumann": 1.890604853630066}