{"overlap": 0.23129940032958984, "von_neumann": 1.2172061204910278}