{"overlap": 0.31700628995895386, "von_neumann": 0.5916580557823181}