{"overlap": 0.35268616676330566, "von_neumann": 0.47046810388565063}