{"overlap": 0.17653003334999084, "von_neumann": 1.646723985671997}