{"overlap": 0.22138676047325134, "von_neumann": 1.2125409841537476}