{"overlap": 0.17661109566688538, "von_neumann": 1.0993878841400146}