{"overlap": 0.601699948310852, "von_neumann": 0.3974460959434509}