{"overlap": 0.18875336647033691, "von_neumann": 1.5615099668502808}