{"overlap": 0.2901810109615326, "von_neumann": 1.2971398830413818}