{"overlap": 0.287248432636261, "von_neumann": 0.7044134736061096}