{"overlap": 0.2415032982826233, "von_neumann": 0.0801202729344368}