{"overlap": 0.2495085597038269, "von_neumann": 0.4673827886581421}