{"overlap": 0.16389016807079315, "von_neumann": 1.9161704778671265}