{"overlap": 0.3837543725967407, "von_neumann": 0.0012834806693717837}