{"overlap": 0.2686847448348999, "von_neumann": 1.2017585039138794}