{"overlap": 0.23320554196834564, "von_neumann": 1.1234467029571533}