{"overlap": 0.44184398651123047, "von_neumann": 0.013744406402111053}