{"overlap": 0.27014604210853577, "von_neumann": 0.8624221682548523}