{"overlap": 0.3800280690193176, "von_neumann": 0.026377884671092033}