{"overlap": 0.31797534227371216, "von_neumann": 0.4725935459136963}