{"overlap": 0.22566333413124084, "von_neumann": 1.8308032751083374}