{"overlap": 0.15525434911251068, "von_neumann": 1.0304665565490723}