{"overlap": 0.17079342901706696, "von_neumann": 1.5909589529037476}