{"overlap": 0.2664935886859894, "von_neumann": 0.5683196187019348}