{"overlap": 0.2356933355331421, "von_neumann": 1.1860359907150269}