{"overlap": 0.2066829949617386, "von_neumann": 1.6511718034744263}