{"overlap": 0.2694780230522156, "von_neumann": 0.9340764880180359}