{"overlap": 0.2812848389148712, "von_neumann": 0.7116163969039917}