{"overlap": 0.24462811648845673, "von_neumann": 0.7858407497406006}