{"overlap": 0.24535910785198212, "von_neumann": 1.2832956314086914}