{"overlap": 0.34786081314086914, "von_neumann": 0.0004335521371103823}