{"overlap": 0.1576707810163498, "von_neumann": 1.8353664875030518}