{"overlap": 0.21802856028079987, "von_neumann": 1.5949771404266357}