{"overlap": 0.22713559865951538, "von_neumann": 1.238763451576233}