{"overlap": 0.44042322039604187, "von_neumann": 0.450839638710022}