{"overlap": 0.20000118017196655, "von_neumann": 1.5644723176956177}