{"overlap": 0.22376267611980438, "von_neumann": 0.9853489995002747}