{"overlap": 0.5084826350212097, "von_neumann": 0.15054553747177124}