{"overlap": 0.4718615710735321, "von_neumann": 0.19382452964782715}