{"overlap": 0.35995346307754517, "von_neumann": 0.5508513450622559}