{"overlap": 0.5246542096138, "von_neumann": 0.5804789662361145}