{"overlap": 0.17620441317558289, "von_neumann": 1.7179781198501587}