{"overlap": 0.4213763177394867, "von_neumann": 0.8921118974685669}