{"overlap": 0.29421696066856384, "von_neumann": 0.8147648572921753}