{"overlap": 0.4805697798728943, "von_neumann": 0.21173977851867676}