{"overlap": 0.2713698744773865, "von_neumann": 1.0254466533660889}