{"overlap": 0.28343042731285095, "von_neumann": 0.5075007081031799}