{"overlap": 0.30285802483558655, "von_neumann": 0.3908596634864807}