{"overlap": 0.22442907094955444, "von_neumann": 0.9732294082641602}