{"overlap": 0.22504080832004547, "von_neumann": 1.8417234420776367}