{"overlap": 0.14635483920574188, "von_neumann": 2.0009522438049316}