{"overlap": 0.4430137276649475, "von_neumann": 0.05042530968785286}