{"overlap": 0.16009877622127533, "von_neumann": 1.9958137273788452}