{"overlap": 0.1902608424425125, "von_neumann": 1.5978295803070068}