{"overlap": 0.24661892652511597, "von_neumann": 1.495145559310913}