{"overlap": 0.21587730944156647, "von_neumann": 1.214145541191101}