{"overlap": 0.43672624230384827, "von_neumann": 0.4606878161430359}