{"overlap": 0.19517813622951508, "von_neumann": 1.3667221069335938}