{"overlap": 0.20775958895683289, "von_neumann": 1.8901320695877075}