{"overlap": 0.20210792124271393, "von_neumann": 0.025540612637996674}