{"overlap": 4.095607437193394e-06, "von_neumann": 0.08041301369667053}