{"overlap": 0.2316056787967682, "von_neumann": 1.145870566368103}