{"overlap": 0.48789215087890625, "von_neumann": 0.5072934627532959}