{"overlap": 0.42875543236732483, "von_neumann": 0.29778897762298584}