{"overlap": 0.22100390493869781, "von_neumann": 1.2597391605377197}