{"overlap": 0.2446339875459671, "von_neumann": 1.1898486614227295}