{"overlap": 0.1663265973329544, "von_neumann": 1.9618089199066162}