{"overlap": 0.21798497438430786, "von_neumann": 1.3329836130142212}