{"overlap": 0.1520531177520752, "von_neumann": 1.9929746389389038}