{"overlap": 0.696478009223938, "von_neumann": 0.02986302226781845}