{"overlap": 0.22534261643886566, "von_neumann": 1.6047921180725098}