{"overlap": 0.18452996015548706, "von_neumann": 1.394170880317688}