{"overlap": 0.297786146402359, "von_neumann": 0.9138600826263428}