{"overlap": 0.18053025007247925, "von_neumann": 1.8208889961242676}