{"overlap": 0.37819382548332214, "von_neumann": 0.13516123592853546}