{"overlap": 0.19968731701374054, "von_neumann": 1.6239402294158936}