{"overlap": 0.15212665498256683, "von_neumann": 1.9999144077301025}