{"overlap": 0.2333032637834549, "von_neumann": 0.8547999262809753}