{"overlap": 0.2560833692550659, "von_neumann": 1.3004519939422607}