{"overlap": 0.408891499042511, "von_neumann": 0.39219731092453003}