{"overlap": 0.35929155349731445, "von_neumann": 0.35045957565307617}