{"overlap": 0.19449582695960999, "von_neumann": 1.5224790573120117}