{"overlap": 0.1707630604505539, "von_neumann": 1.6927752494812012}