{"overlap": 0.32507264614105225, "von_neumann": 0.3557412028312683}