{"overlap": 0.26370593905448914, "von_neumann": 1.0706368684768677}