{"overlap": 0.3123694658279419, "von_neumann": 0.6270235776901245}