{"overlap": 0.22160673141479492, "von_neumann": 0.8247647881507874}