{"overlap": 0.22410263121128082, "von_neumann": 1.3846309185028076}