{"overlap": 0.2249525785446167, "von_neumann": 0.26756516098976135}