{"overlap": 0.4387192726135254, "von_neumann": 0.4703449606895447}