{"overlap": 0.46938565373420715, "von_neumann": 0.2620311379432678}