{"overlap": 0.343140184879303, "von_neumann": 0.05214253067970276}