{"overlap": 0.660728931427002, "von_neumann": 0.06641378998756409}