{"overlap": 0.41104501485824585, "von_neumann": 0.18112625181674957}