{"overlap": 0.1569666564464569, "von_neumann": 1.4193687438964844}