{"overlap": 0.47806182503700256, "von_neumann": 0.23995757102966309}