{"overlap": 0.2364802360534668, "von_neumann": 1.2913203239440918}