{"overlap": 0.17887841165065765, "von_neumann": 1.4961999654769897}