{"overlap": 0.1973307877779007, "von_neumann": 1.3574987649917603}