{"overlap": 0.3176844120025635, "von_neumann": 0.6355775594711304}