{"overlap": 0.2553863227367401, "von_neumann": 1.4357002973556519}