{"overlap": 0.4644815921783447, "von_neumann": 0.35509222745895386}