{"overlap": 0.20110635459423065, "von_neumann": 1.3108773231506348}