{"overlap": 0.3774104714393616, "von_neumann": 0.033190157264471054}