{"overlap": 0.31529566645622253, "von_neumann": 0.821660041809082}