{"overlap": 0.3164002001285553, "von_neumann": 0.10771658271551132}