{"overlap": 0.36626431345939636, "von_neumann": 0.19007371366024017}