{"overlap": 0.19361448287963867, "von_neumann": 1.4415593147277832}