{"overlap": 0.49836841225624084, "von_neumann": 0.11776521801948547}