{"overlap": 0.22673577070236206, "von_neumann": 0.6093611717224121}