{"overlap": 0.1858043074607849, "von_neumann": 1.815575361251831}