{"overlap": 0.3624119460582733, "von_neumann": 1.2007867097854614}