{"overlap": 0.2512270510196686, "von_neumann": 1.5595712661743164}