{"overlap": 0.23431000113487244, "von_neumann": 1.6640626192092896}