{"overlap": 0.23694467544555664, "von_neumann": 1.400866985321045}