{"overlap": 0.24821612238883972, "von_neumann": 1.3808062076568604}