{"overlap": 0.2766019403934479, "von_neumann": 0.7587661743164062}