{"overlap": 0.2011738419532776, "von_neumann": 1.9207617044448853}