{"overlap": 0.24327386915683746, "von_neumann": 1.4475719928741455}