{"overlap": 0.2022700160741806, "von_neumann": 1.5589442253112793}