{"overlap": 0.4246346354484558, "von_neumann": 0.025710949674248695}