{"overlap": 0.17041893303394318, "von_neumann": 1.7033007144927979}