{"overlap": 0.43613141775131226, "von_neumann": 0.23680174350738525}