{"overlap": 0.49139711260795593, "von_neumann": 0.27245020866394043}