{"overlap": 0.19108135998249054, "von_neumann": 1.8822726011276245}