{"overlap": 0.16369734704494476, "von_neumann": 1.9160610437393188}