{"overlap": 0.20932266116142273, "von_neumann": 1.0455454587936401}