{"overlap": 0.2660885751247406, "von_neumann": 0.9830808639526367}