{"overlap": 0.16657476127147675, "von_neumann": 2.045301914215088}