{"overlap": 0.4160662591457367, "von_neumann": 0.589989185333252}