{"overlap": 0.25709667801856995, "von_neumann": 0.9728168249130249}