{"overlap": 0.6321226358413696, "von_neumann": 0.11850929260253906}