{"overlap": 0.3802938759326935, "von_neumann": 0.13280557096004486}