{"overlap": 0.18631738424301147, "von_neumann": 1.6042613983154297}