{"overlap": 0.26879626512527466, "von_neumann": 0.3211304545402527}