{"overlap": 0.2759835124015808, "von_neumann": 0.7955756783485413}