{"overlap": 0.19327181577682495, "von_neumann": 1.8575208187103271}