{"overlap": 0.1826888471841812, "von_neumann": 1.7758238315582275}