{"overlap": 0.30009132623672485, "von_neumann": 0.09405089914798737}