{"overlap": 0.26503539085388184, "von_neumann": 1.0020363330841064}