{"overlap": 0.15578699111938477, "von_neumann": 2.067624807357788}