{"overlap": 0.3346656560897827, "von_neumann": 1.3311572074890137}