{"overlap": 0.5332216024398804, "von_neumann": 0.41360050439834595}