{"overlap": 0.2654706537723541, "von_neumann": 0.9240729212760925}