{"overlap": 0.0965137854218483, "von_neumann": 0.43368732929229736}