{"overlap": 0.18274326622486115, "von_neumann": 1.768470048904419}