{"overlap": 0.35254108905792236, "von_neumann": 0.6116103529930115}