{"overlap": 0.24248647689819336, "von_neumann": 0.7392585277557373}