{"overlap": 0.4664990305900574, "von_neumann": 0.4863753914833069}