{"overlap": 0.2728104591369629, "von_neumann": 1.2612578868865967}