{"overlap": 0.1720421463251114, "von_neumann": 1.601682424545288}