{"overlap": 0.22181753814220428, "von_neumann": 1.480431318283081}