{"overlap": 0.17113415896892548, "von_neumann": 2.176618814468384}