{"overlap": 0.48987051844596863, "von_neumann": 0.764580488204956}