{"overlap": 0.18636305630207062, "von_neumann": 1.4558930397033691}