{"overlap": 0.20338064432144165, "von_neumann": 1.137747883796692}