{"overlap": 0.46864286065101624, "von_neumann": 0.7568681240081787}