{"overlap": 0.16891978681087494, "von_neumann": 1.938161849975586}