{"overlap": 0.47745996713638306, "von_neumann": 0.2932339310646057}