{"overlap": 0.5375822186470032, "von_neumann": 0.5439332723617554}