{"overlap": 0.21723683178424835, "von_neumann": 0.9445817470550537}