{"overlap": 0.1999579817056656, "von_neumann": 1.1370502710342407}