{"overlap": 0.30678093433380127, "von_neumann": 0.480552077293396}