{"overlap": 0.17280453443527222, "von_neumann": 1.869096279144287}