{"overlap": 0.47486400604248047, "von_neumann": 0.16665181517601013}