{"overlap": 0.2238563448190689, "von_neumann": 1.6410295963287354}