{"overlap": 0.4389471113681793, "von_neumann": 0.8483732342720032}