{"overlap": 0.24832609295845032, "von_neumann": 0.01048240251839161}