{"overlap": 0.2804538905620575, "von_neumann": 0.8697546124458313}