{"overlap": 0.21900346875190735, "von_neumann": 1.3098493814468384}