{"overlap": 0.14699414372444153, "von_neumann": 1.8984301090240479}