{"overlap": 0.16323840618133545, "von_neumann": 1.9258309602737427}