{"overlap": 0.18733692169189453, "von_neumann": 1.4517419338226318}