{"overlap": 0.24687513709068298, "von_neumann": 1.3196697235107422}