{"overlap": 0.5809742212295532, "von_neumann": 0.018599115312099457}