{"overlap": 0.3506440818309784, "von_neumann": 0.5621731877326965}