{"overlap": 0.31837961077690125, "von_neumann": 1.1831164360046387}