{"overlap": 0.3356461822986603, "von_neumann": 0.7424739003181458}