{"overlap": 0.28161725401878357, "von_neumann": 0.6120907068252563}