{"overlap": 0.4613271653652191, "von_neumann": 0.3122449219226837}