{"overlap": 0.2762315273284912, "von_neumann": 0.42833125591278076}