{"overlap": 0.28647103905677795, "von_neumann": 0.6682020425796509}