{"overlap": 0.22633835673332214, "von_neumann": 1.7661813497543335}