{"overlap": 0.20308353006839752, "von_neumann": 1.6696181297302246}