{"overlap": 0.2497408092021942, "von_neumann": 0.7098616361618042}