{"overlap": 0.25207167863845825, "von_neumann": 1.5523909330368042}