{"overlap": 0.20092786848545074, "von_neumann": 1.6973198652267456}