{"overlap": 0.2789723873138428, "von_neumann": 0.6034749746322632}