{"overlap": 0.23750202357769012, "von_neumann": 1.2940733432769775}