{"overlap": 0.2501477003097534, "von_neumann": 0.6582072377204895}