{"overlap": 0.286190003156662, "von_neumann": 0.8865196704864502}