{"overlap": 0.4224824011325836, "von_neumann": 0.1858965903520584}