{"overlap": 0.36414408683776855, "von_neumann": 0.21393901109695435}