{"overlap": 0.3092074990272522, "von_neumann": 0.17365840077400208}