{"overlap": 0.5612817406654358, "von_neumann": 0.13259580731391907}