{"overlap": 0.44004136323928833, "von_neumann": 0.19217820465564728}