{"overlap": 0.22865019738674164, "von_neumann": 0.8221361637115479}