{"overlap": 0.1968340277671814, "von_neumann": 1.7963221073150635}