{"overlap": 0.16870470345020294, "von_neumann": 1.6527867317199707}