{"overlap": 0.1847640573978424, "von_neumann": 1.4696338176727295}