{"overlap": 0.32082676887512207, "von_neumann": 0.14374792575836182}