{"overlap": 0.18370911478996277, "von_neumann": 1.8016290664672852}