{"overlap": 0.1670665293931961, "von_neumann": 1.6750531196594238}