{"overlap": 0.31517234444618225, "von_neumann": 0.31402790546417236}