{"overlap": 0.27578073740005493, "von_neumann": 0.49118414521217346}