{"overlap": 0.31123781204223633, "von_neumann": 0.6998605132102966}