{"overlap": 0.2603680193424225, "von_neumann": 1.1943283081054688}