{"overlap": 0.1908172070980072, "von_neumann": 1.6327505111694336}