{"overlap": 0.35924816131591797, "von_neumann": 0.49101269245147705}