{"overlap": 1.973472535610199e-06, "von_neumann": 0.01583392359316349}