{"overlap": 0.15174832940101624, "von_neumann": 1.8389520645141602}