{"overlap": 0.26999545097351074, "von_neumann": 0.4858768582344055}