{"overlap": 0.1710662692785263, "von_neumann": 1.9691693782806396}