{"overlap": 0.3720075190067291, "von_neumann": 0.7648107409477234}