{"overlap": 0.18929322063922882, "von_neumann": 1.5623652935028076}