{"overlap": 0.22131934762001038, "von_neumann": 1.423906683921814}