{"overlap": 0.23233364522457123, "von_neumann": 1.6610655784606934}