{"overlap": 0.5442465543746948, "von_neumann": 0.007930196821689606}