{"overlap": 0.2325720489025116, "von_neumann": 1.4095078706741333}