{"overlap": 0.36550968885421753, "von_neumann": 0.22246131300926208}