{"overlap": 0.35110440850257874, "von_neumann": 0.15950094163417816}