{"overlap": 0.25310635566711426, "von_neumann": 1.250325083732605}