{"overlap": 0.18598251044750214, "von_neumann": 1.6763839721679688}