{"overlap": 0.17651650309562683, "von_neumann": 1.5862414836883545}