{"overlap": 0.38807398080825806, "von_neumann": 0.3466928005218506}