{"overlap": 0.2651553452014923, "von_neumann": 0.3945564925670624}