{"overlap": 0.19693374633789062, "von_neumann": 1.696763515472412}