{"overlap": 0.22532518208026886, "von_neumann": 0.5096780061721802}