{"overlap": 0.37484878301620483, "von_neumann": 0.5815029740333557}