{"overlap": 0.33941957354545593, "von_neumann": 0.4415035843849182}