{"overlap": 0.19308681786060333, "von_neumann": 1.7672502994537354}