{"overlap": 0.2509245276451111, "von_neumann": 1.6843465566635132}