{"overlap": 0.519056499004364, "von_neumann": 0.2308236062526703}