{"overlap": 0.2767680883407593, "von_neumann": 1.242157220840454}