{"overlap": 0.38436806201934814, "von_neumann": 0.0132898585870862}