{"overlap": 0.45438554883003235, "von_neumann": 0.737335741519928}