{"overlap": 0.17747023701667786, "von_neumann": 1.7899658679962158}