{"overlap": 0.27222296595573425, "von_neumann": 1.2718703746795654}