{"overlap": 0.3680994212627411, "von_neumann": 0.22333918511867523}