{"overlap": 0.41519442200660706, "von_neumann": 0.09608028829097748}