{"overlap": 0.39579877257347107, "von_neumann": 0.5268241763114929}