{"overlap": 0.24566546082496643, "von_neumann": 1.643471360206604}