{"overlap": 0.17387732863426208, "von_neumann": 1.7146602869033813}