{"overlap": 0.2811523377895355, "von_neumann": 0.39414453506469727}