{"overlap": 0.22266796231269836, "von_neumann": 1.6794416904449463}