{"overlap": 0.1702493131160736, "von_neumann": 2.0103683471679688}