{"overlap": 0.29848843812942505, "von_neumann": 1.0070091485977173}