{"overlap": 0.21121612191200256, "von_neumann": 1.024575114250183}