{"overlap": 0.3839816153049469, "von_neumann": 0.18364861607551575}