{"overlap": 0.227523535490036, "von_neumann": 1.4388395547866821}