{"overlap": 0.2777724862098694, "von_neumann": 0.7553418874740601}