{"overlap": 0.27554693818092346, "von_neumann": 1.0181214809417725}