{"overlap": 0.21504183113574982, "von_neumann": 0.8740682601928711}