{"overlap": 0.33627814054489136, "von_neumann": 0.8069285154342651}