{"overlap": 0.18634943664073944, "von_neumann": 1.3564518690109253}