{"overlap": 0.3036598861217499, "von_neumann": 0.5685319900512695}