{"overlap": 0.35675033926963806, "von_neumann": 0.22088967263698578}