{"overlap": 0.1905679553747177, "von_neumann": 1.5893434286117554}