{"overlap": 0.2789611220359802, "von_neumann": 0.07074020057916641}