{"overlap": 0.3927837312221527, "von_neumann": 0.5153400897979736}