{"overlap": 0.2919003367424011, "von_neumann": 1.3628431558609009}