{"overlap": 0.3199000656604767, "von_neumann": 0.05714394897222519}