{"overlap": 0.5052645802497864, "von_neumann": 0.23501986265182495}