{"overlap": 0.493864506483078, "von_neumann": 0.06634174287319183}