{"overlap": 0.17133189737796783, "von_neumann": 1.82634437084198}