{"overlap": 0.36885008215904236, "von_neumann": 0.13087517023086548}