{"overlap": 0.23201937973499298, "von_neumann": 0.46308404207229614}