{"overlap": 0.19223575294017792, "von_neumann": 1.7259109020233154}