{"overlap": 0.43662410974502563, "von_neumann": 0.022184571251273155}