{"overlap": 0.16365467011928558, "von_neumann": 2.0380473136901855}