{"overlap": 0.17580658197402954, "von_neumann": 1.8475303649902344}