{"overlap": 0.26832476258277893, "von_neumann": 0.9514776468276978}