{"overlap": 0.40194007754325867, "von_neumann": 0.6387383341789246}