{"overlap": 7.542548701167107e-07, "von_neumann": 0.04318932816386223}