{"overlap": 0.26805174350738525, "von_neumann": 0.8720511198043823}