{"overlap": 0.3572259545326233, "von_neumann": 0.24697652459144592}