{"overlap": 0.24063245952129364, "von_neumann": 0.8034358024597168}