{"overlap": 0.16656702756881714, "von_neumann": 2.0383076667785645}