{"overlap": 0.19079412519931793, "von_neumann": 1.1520823240280151}