{"overlap": 0.3850129246711731, "von_neumann": 0.28714704513549805}