{"overlap": 0.20504489541053772, "von_neumann": 1.1635432243347168}