{"overlap": 0.2104382961988449, "von_neumann": 1.4926025867462158}