{"overlap": 0.22414088249206543, "von_neumann": 1.7824633121490479}