{"overlap": 0.586852490901947, "von_neumann": 0.08045349270105362}