{"overlap": 0.2664961516857147, "von_neumann": 1.1299850940704346}