{"overlap": 0.2442101240158081, "von_neumann": 1.7010715007781982}