{"overlap": 0.3318077027797699, "von_neumann": 0.19863054156303406}