{"overlap": 0.6290140151977539, "von_neumann": 0.3614208698272705}