{"overlap": 0.17076590657234192, "von_neumann": 0.2660010755062103}