{"overlap": 0.4513663053512573, "von_neumann": 0.0387464240193367}