{"overlap": 0.19701142609119415, "von_neumann": 1.5411027669906616}