{"overlap": 0.3722347915172577, "von_neumann": 0.8597439527511597}