{"overlap": 0.2619955837726593, "von_neumann": 0.11875756084918976}