{"overlap": 0.18995311856269836, "von_neumann": 1.9886656999588013}