{"overlap": 0.17465424537658691, "von_neumann": 1.5991027355194092}