{"overlap": 0.23168684542179108, "von_neumann": 1.5291357040405273}