{"overlap": 0.16375303268432617, "von_neumann": 1.5902302265167236}