{"overlap": 0.3591907024383545, "von_neumann": 0.6658388376235962}