{"overlap": 0.4053497612476349, "von_neumann": 0.40725070238113403}