{"overlap": 0.19392666220664978, "von_neumann": 1.5059514045715332}