{"overlap": 0.24371705949306488, "von_neumann": 1.0999842882156372}