{"overlap": 0.5593517422676086, "von_neumann": 0.5603221654891968}