{"overlap": 0.23368652164936066, "von_neumann": 0.9955573081970215}