{"overlap": 0.2395830601453781, "von_neumann": 1.856675386428833}