{"overlap": 0.22914129495620728, "von_neumann": 1.293076753616333}