{"overlap": 0.17942877113819122, "von_neumann": 1.1080522537231445}