{"overlap": 0.24102666974067688, "von_neumann": 1.3146365880966187}