{"overlap": 0.779592752456665, "von_neumann": 0.04883057251572609}