{"overlap": 0.18594442307949066, "von_neumann": 1.383120059967041}