{"overlap": 0.2203914374113083, "von_neumann": 1.5732312202453613}