{"overlap": 0.25070881843566895, "von_neumann": 1.4122066497802734}