{"overlap": 0.16371232271194458, "von_neumann": 2.012671947479248}