{"overlap": 0.18290512263774872, "von_neumann": 1.4152464866638184}