{"overlap": 0.27388545870780945, "von_neumann": 1.0997059345245361}