{"overlap": 0.28532689809799194, "von_neumann": 1.513295292854309}