{"overlap": 0.1925356388092041, "von_neumann": 1.9362642765045166}