{"overlap": 0.1804244965314865, "von_neumann": 1.7722985744476318}