{"overlap": 0.41314151883125305, "von_neumann": 0.2786060869693756}