{"overlap": 0.1530057191848755, "von_neumann": 1.6427826881408691}