{"overlap": 0.14661508798599243, "von_neumann": 1.6312243938446045}