{"overlap": 0.18757352232933044, "von_neumann": 1.7996561527252197}