{"overlap": 0.3567925989627838, "von_neumann": 0.8229755163192749}