{"overlap": 0.22631746530532837, "von_neumann": 1.2762446403503418}