{"overlap": 0.484922856092453, "von_neumann": 0.012638798914849758}