{"overlap": 0.15003153681755066, "von_neumann": 2.0446841716766357}