{"overlap": 0.24377009272575378, "von_neumann": 1.0289320945739746}