{"overlap": 0.22990460693836212, "von_neumann": 1.426832914352417}