{"overlap": 0.2817671298980713, "von_neumann": 0.4233130216598511}