{"overlap": 0.24280473589897156, "von_neumann": 1.6938517093658447}