{"overlap": 0.3163641691207886, "von_neumann": 0.2447332739830017}