{"overlap": 0.1416587084531784, "von_neumann": 1.767617106437683}