{"overlap": 0.26811662316322327, "von_neumann": 0.06410139799118042}