{"overlap": 0.23864811658859253, "von_neumann": 1.4714246988296509}