{"overlap": 0.21761655807495117, "von_neumann": 1.050277829170227}