{"overlap": 0.42701321840286255, "von_neumann": 0.5559269785881042}