{"overlap": 0.34221360087394714, "von_neumann": 0.009828627109527588}