{"overlap": 0.5499377846717834, "von_neumann": 0.10152605175971985}