{"overlap": 0.17125946283340454, "von_neumann": 1.6191270351409912}