{"overlap": 0.3263913094997406, "von_neumann": 0.6271240711212158}