{"overlap": 0.2792379856109619, "von_neumann": 0.47763893008232117}