{"overlap": 0.3935263752937317, "von_neumann": 0.06555818766355515}