{"overlap": 0.31934356689453125, "von_neumann": 0.7104926705360413}