{"overlap": 0.46064814925193787, "von_neumann": 0.08183404803276062}