{"overlap": 0.21643979847431183, "von_neumann": 1.5135897397994995}