{"overlap": 0.4459972381591797, "von_neumann": 0.11928506940603256}