{"overlap": 0.22446680068969727, "von_neumann": 1.599574089050293}