{"overlap": 0.34404805302619934, "von_neumann": 1.0293277502059937}