{"overlap": 0.1882375329732895, "von_neumann": 1.3773423433303833}