{"overlap": 0.16316035389900208, "von_neumann": 1.2784497737884521}