{"overlap": 0.3200153410434723, "von_neumann": 0.930627703666687}