{"overlap": 0.41234955191612244, "von_neumann": 0.5564032196998596}