{"overlap": 0.3102336823940277, "von_neumann": 0.8776667714118958}