{"overlap": 0.23550932109355927, "von_neumann": 1.4583293199539185}