{"overlap": 0.3430115580558777, "von_neumann": 0.005193545948714018}