{"overlap": 0.26624709367752075, "von_neumann": 1.1880189180374146}