{"overlap": 0.328395813703537, "von_neumann": 1.14092218875885}