{"overlap": 0.49992695450782776, "von_neumann": 0.05053432285785675}