{"overlap": 0.23417924344539642, "von_neumann": 0.878731369972229}