{"overlap": 0.31050774455070496, "von_neumann": 0.465241014957428}