{"overlap": 0.37228065729141235, "von_neumann": 0.7092708945274353}