{"overlap": 0.2427552044391632, "von_neumann": 1.5601263046264648}