{"overlap": 0.35972467064857483, "von_neumann": 0.384382426738739}