{"overlap": 0.22948093712329865, "von_neumann": 1.4214234352111816}