{"overlap": 0.26633042097091675, "von_neumann": 0.8759534358978271}