{"overlap": 0.17463690042495728, "von_neumann": 1.7695989608764648}