{"overlap": 0.21365700662136078, "von_neumann": 1.2099674940109253}