{"overlap": 0.17100994288921356, "von_neumann": 1.4792752265930176}