{"overlap": 0.20533639192581177, "von_neumann": 1.5450308322906494}