{"overlap": 0.24200686812400818, "von_neumann": 0.9654756188392639}