{"overlap": 0.16526912152767181, "von_neumann": 1.730311632156372}