{"overlap": 0.27214881777763367, "von_neumann": 0.6386364698410034}