{"overlap": 0.3789083957672119, "von_neumann": 0.7245327830314636}