{"overlap": 0.1816185712814331, "von_neumann": 1.8143213987350464}