{"overlap": 0.30164429545402527, "von_neumann": 0.42877331376075745}