{"overlap": 0.750831127166748, "von_neumann": 0.018018823117017746}