{"overlap": 0.4728497862815857, "von_neumann": 0.051770053803920746}