{"overlap": 0.4286167621612549, "von_neumann": 0.889923095703125}