{"overlap": 0.17346173524856567, "von_neumann": 1.9370737075805664}