{"overlap": 0.24314428865909576, "von_neumann": 1.032240390777588}