{"overlap": 0.17411202192306519, "von_neumann": 1.8372719287872314}