{"overlap": 0.40997791290283203, "von_neumann": 0.0489966943860054}