{"overlap": 0.21828822791576385, "von_neumann": 1.775730013847351}