{"overlap": 0.18420684337615967, "von_neumann": 1.8509395122528076}