{"overlap": 0.2276734858751297, "von_neumann": 0.8127565383911133}