{"overlap": 0.38161805272102356, "von_neumann": 0.7238591909408569}