{"overlap": 0.21474525332450867, "von_neumann": 1.387387752532959}