{"overlap": 0.19266141951084137, "von_neumann": 1.8558106422424316}