{"overlap": 0.39243707060813904, "von_neumann": 0.6345471739768982}