{"overlap": 0.1651451140642166, "von_neumann": 1.612587332725525}