{"overlap": 0.4478018581867218, "von_neumann": 0.3876359760761261}