{"overlap": 0.30830973386764526, "von_neumann": 0.6719235181808472}