{"overlap": 0.4086133539676666, "von_neumann": 0.15250107645988464}