{"overlap": 0.17849065363407135, "von_neumann": 1.891922950744629}