{"overlap": 0.45904576778411865, "von_neumann": 0.2674240171909332}