{"overlap": 0.20062750577926636, "von_neumann": 1.8332139253616333}