{"overlap": 0.5837723612785339, "von_neumann": 0.4721331000328064}