{"overlap": 0.3684388995170593, "von_neumann": 0.5740556120872498}