{"overlap": 0.33212435245513916, "von_neumann": 0.5147937536239624}