{"overlap": 0.3534587323665619, "von_neumann": 0.7071801424026489}