{"overlap": 0.16132688522338867, "von_neumann": 2.171064853668213}