{"overlap": 0.1940203160047531, "von_neumann": 1.8433432579040527}