{"overlap": 0.28758037090301514, "von_neumann": 0.9174817800521851}