{"overlap": 0.29275134205818176, "von_neumann": 1.4323883056640625}