{"overlap": 0.18461671471595764, "von_neumann": 1.6256921291351318}