{"overlap": 0.2988644242286682, "von_neumann": 0.21541184186935425}