{"overlap": 0.23014920949935913, "von_neumann": 0.9214636087417603}