{"overlap": 0.2952547073364258, "von_neumann": 0.39287057518959045}