{"overlap": 0.20540474355220795, "von_neumann": 1.0532292127609253}