{"overlap": 0.2202506810426712, "von_neumann": 0.7791092395782471}