{"overlap": 0.4351561963558197, "von_neumann": 0.5178578495979309}