{"overlap": 0.2768661379814148, "von_neumann": 0.5439873933792114}