{"overlap": 0.29887059330940247, "von_neumann": 0.5207763910293579}