{"overlap": 0.17203111946582794, "von_neumann": 2.170191764831543}