{"overlap": 0.21720148622989655, "von_neumann": 1.388225793838501}