{"overlap": 0.20672589540481567, "von_neumann": 1.7531940937042236}