{"overlap": 0.17119811475276947, "von_neumann": 1.346001386642456}