{"overlap": 0.36785170435905457, "von_neumann": 0.0678669661283493}