{"overlap": 0.19247053563594818, "von_neumann": 1.7054274082183838}