{"overlap": 0.517170786857605, "von_neumann": 0.05300092324614525}