{"overlap": 0.19309686124324799, "von_neumann": 1.6412947177886963}