{"overlap": 0.49982374906539917, "von_neumann": 0.2545417249202728}