{"overlap": 0.6347989439964294, "von_neumann": 0.2568338215351105}