{"overlap": 0.29954981803894043, "von_neumann": 0.9261163473129272}