{"overlap": 0.4423217177391052, "von_neumann": 0.13256953656673431}