{"overlap": 0.2423463761806488, "von_neumann": 0.9293047189712524}