{"overlap": 0.23064129054546356, "von_neumann": 0.35303208231925964}