{"overlap": 0.21712656319141388, "von_neumann": 0.5959994196891785}