{"overlap": 0.6314154267311096, "von_neumann": 0.09749670326709747}