{"overlap": 0.19823522865772247, "von_neumann": 1.6745624542236328}