{"overlap": 0.30493560433387756, "von_neumann": 0.6176453232765198}