{"overlap": 0.2982664704322815, "von_neumann": 0.5241453051567078}