{"overlap": 0.29153114557266235, "von_neumann": 0.6390848755836487}