{"overlap": 0.3568737804889679, "von_neumann": 1.2164721488952637}