{"overlap": 0.152876615524292, "von_neumann": 1.672633409500122}