{"overlap": 0.23812085390090942, "von_neumann": 1.063539743423462}