{"overlap": 0.19074790179729462, "von_neumann": 1.5556392669677734}