{"overlap": 0.2477807253599167, "von_neumann": 0.06852602958679199}