{"overlap": 0.24320781230926514, "von_neumann": 0.748243510723114}