{"overlap": 0.5206388831138611, "von_neumann": 0.0502404123544693}