{"overlap": 0.20627711713314056, "von_neumann": 1.8504548072814941}