{"overlap": 0.24671301245689392, "von_neumann": 1.30275297164917}