{"overlap": 0.20567187666893005, "von_neumann": 1.7477012872695923}