{"overlap": 0.2993009388446808, "von_neumann": 0.9223453998565674}