{"overlap": 0.20433443784713745, "von_neumann": 1.4692329168319702}