{"overlap": 0.20136386156082153, "von_neumann": 1.1138637065887451}