{"overlap": 0.21213458478450775, "von_neumann": 1.7712395191192627}