{"overlap": 0.2237926423549652, "von_neumann": 0.0707014873623848}