{"overlap": 0.45294201374053955, "von_neumann": 0.296991229057312}