{"overlap": 0.23477588593959808, "von_neumann": 1.6249959468841553}