{"overlap": 0.23850594460964203, "von_neumann": 1.5268754959106445}