{"overlap": 0.23009149730205536, "von_neumann": 0.8751018643379211}