{"overlap": 0.45312264561653137, "von_neumann": 0.06767647713422775}