{"overlap": 0.17901694774627686, "von_neumann": 1.744214415550232}