{"overlap": 0.17415139079093933, "von_neumann": 1.8686507940292358}