{"overlap": 0.2094261348247528, "von_neumann": 1.3737236261367798}