{"overlap": 0.1770406812429428, "von_neumann": 1.516129970550537}