{"overlap": 0.47958651185035706, "von_neumann": 0.084025539457798}