{"overlap": 0.14675496518611908, "von_neumann": 1.7896931171417236}