{"overlap": 0.19661195576190948, "von_neumann": 1.567247986793518}