{"overlap": 0.2569585144519806, "von_neumann": 1.0048072338104248}