{"overlap": 0.5101584196090698, "von_neumann": 0.017185553908348083}