{"overlap": 0.2606607675552368, "von_neumann": 1.093736171722412}