{"overlap": 0.34178489446640015, "von_neumann": 0.6265486478805542}