{"overlap": 0.20334495604038239, "von_neumann": 1.6534278392791748}