{"overlap": 0.3401642441749573, "von_neumann": 0.5362693667411804}