{"overlap": 0.6759030222892761, "von_neumann": 0.11796648055315018}