{"overlap": 0.17040279507637024, "von_neumann": 1.7921802997589111}