{"overlap": 0.3159305453300476, "von_neumann": 0.10525783151388168}