{"overlap": 0.1858733594417572, "von_neumann": 0.06285787373781204}