{"overlap": 0.24090251326560974, "von_neumann": 0.7430722117424011}