{"overlap": 0.25732508301734924, "von_neumann": 0.3771488666534424}