{"overlap": 0.47368907928466797, "von_neumann": 0.2845284938812256}