{"overlap": 0.1363646686077118, "von_neumann": 1.7363777160644531}