{"overlap": 0.22974826395511627, "von_neumann": 1.0343921184539795}