{"overlap": 0.38587427139282227, "von_neumann": 0.15172378718852997}