{"overlap": 0.31902578473091125, "von_neumann": 0.7686017751693726}