{"overlap": 0.3834884762763977, "von_neumann": 0.287710040807724}