{"overlap": 0.28233665227890015, "von_neumann": 1.070599913597107}