{"overlap": 0.28059545159339905, "von_neumann": 0.7487845420837402}