{"overlap": 0.272395521402359, "von_neumann": 1.225807785987854}