{"overlap": 0.19588693976402283, "von_neumann": 1.3677101135253906}