{"overlap": 0.4945129454135895, "von_neumann": 0.06303545832633972}