{"overlap": 0.15644145011901855, "von_neumann": 1.5878130197525024}