{"overlap": 0.18190498650074005, "von_neumann": 1.8535494804382324}