{"overlap": 0.15751101076602936, "von_neumann": 2.0342650413513184}