{"overlap": 0.24506941437721252, "von_neumann": 1.240868091583252}