{"overlap": 0.6190393567085266, "von_neumann": 0.008235716260969639}