{"overlap": 0.18808507919311523, "von_neumann": 1.7790367603302002}