{"overlap": 0.238322451710701, "von_neumann": 0.12472976744174957}