{"overlap": 0.3891940116882324, "von_neumann": 0.5457489490509033}