{"overlap": 0.17315854132175446, "von_neumann": 1.8176144361495972}