{"overlap": 0.18329764902591705, "von_neumann": 1.632376790046692}