{"overlap": 0.5183247923851013, "von_neumann": 0.22337770462036133}