{"overlap": 0.2897602319717407, "von_neumann": 0.5472065806388855}