{"overlap": 0.44377273321151733, "von_neumann": 0.8435215950012207}