{"overlap": 0.2535204291343689, "von_neumann": 0.5087288022041321}