{"overlap": 0.2269056886434555, "von_neumann": 1.2982233762741089}