{"overlap": 0.26701441407203674, "von_neumann": 0.5050170421600342}