{"overlap": 0.21135759353637695, "von_neumann": 1.6224197149276733}