{"overlap": 0.33619701862335205, "von_neumann": 0.1470119208097458}