{"overlap": 0.6174584031105042, "von_neumann": 0.17219972610473633}