{"overlap": 0.40227702260017395, "von_neumann": 0.5203201770782471}