{"overlap": 0.18564453721046448, "von_neumann": 1.7347382307052612}