{"overlap": 0.24707171320915222, "von_neumann": 1.618986964225769}