{"overlap": 0.24630890786647797, "von_neumann": 0.6242028474807739}