{"overlap": 0.17487755417823792, "von_neumann": 1.0210950374603271}