{"overlap": 0.16888181865215302, "von_neumann": 1.6176625490188599}