{"overlap": 0.21967412531375885, "von_neumann": 0.2621151804924011}