{"overlap": 0.37612980604171753, "von_neumann": 0.6474896669387817}