{"overlap": 0.15030860900878906, "von_neumann": 2.134101390838623}