{"overlap": 0.20440658926963806, "von_neumann": 0.22345992922782898}