{"overlap": 0.6483281850814819, "von_neumann": 0.1520543247461319}