{"overlap": 0.36644038558006287, "von_neumann": 0.07213237881660461}