{"overlap": 0.2479293793439865, "von_neumann": 1.2070261240005493}