{"overlap": 0.4277409017086029, "von_neumann": 0.09716621786355972}