{"overlap": 0.24631267786026, "von_neumann": 0.907544732093811}