{"overlap": 0.28308138251304626, "von_neumann": 1.2004268169403076}