{"overlap": 0.18743249773979187, "von_neumann": 1.4328514337539673}