{"overlap": 0.20997211337089539, "von_neumann": 1.5739550590515137}