{"overlap": 0.3054046332836151, "von_neumann": 0.3436327874660492}