{"overlap": 0.2423592507839203, "von_neumann": 0.6645841598510742}