{"overlap": 0.17080901563167572, "von_neumann": 1.4312927722930908}