{"overlap": 0.3024536073207855, "von_neumann": 1.3110841512680054}