{"overlap": 0.1582438349723816, "von_neumann": 1.8842825889587402}