{"overlap": 0.23138223588466644, "von_neumann": 1.560973882675171}