{"overlap": 0.35307577252388, "von_neumann": 0.8747591376304626}