{"overlap": 0.22605350613594055, "von_neumann": 1.2345653772354126}