{"overlap": 0.17380277812480927, "von_neumann": 1.7380601167678833}