{"overlap": 0.18514806032180786, "von_neumann": 1.6922767162322998}