{"overlap": 0.17733794450759888, "von_neumann": 1.946791172027588}