{"overlap": 0.2305482029914856, "von_neumann": 0.22528578341007233}