{"overlap": 0.510185718536377, "von_neumann": 0.28651976585388184}