{"overlap": 0.16814151406288147, "von_neumann": 1.6890380382537842}