{"overlap": 0.3190971314907074, "von_neumann": 0.00795739609748125}