{"overlap": 0.18644028902053833, "von_neumann": 1.9085631370544434}