{"overlap": 0.5392125248908997, "von_neumann": 0.3925710618495941}