{"overlap": 0.43893322348594666, "von_neumann": 0.04233170300722122}