{"overlap": 0.27760955691337585, "von_neumann": 0.631156325340271}