{"overlap": 0.5163483023643494, "von_neumann": 0.24686740338802338}