{"overlap": 0.21934278309345245, "von_neumann": 1.2042198181152344}