{"overlap": 0.4181509017944336, "von_neumann": 0.7461925148963928}