{"overlap": 0.1610220968723297, "von_neumann": 1.933448314666748}