{"overlap": 0.3575286269187927, "von_neumann": 0.3284101188182831}