{"overlap": 0.2774212658405304, "von_neumann": 0.3583453595638275}