{"overlap": 0.49340108036994934, "von_neumann": 0.15465757250785828}