{"overlap": 0.18140822649002075, "von_neumann": 1.1098523139953613}