{"overlap": 0.5258679986000061, "von_neumann": 0.07364575564861298}