{"overlap": 0.23770242929458618, "von_neumann": 0.877608597278595}