{"overlap": 0.4081995487213135, "von_neumann": 0.37530645728111267}