{"overlap": 0.17211462557315826, "von_neumann": 1.899702548980713}