{"overlap": 0.46509850025177, "von_neumann": 0.6145334243774414}