{"overlap": 0.5760289430618286, "von_neumann": 0.2748588025569916}