{"overlap": 0.208290234208107, "von_neumann": 1.885341763496399}