{"overlap": 0.2708587646484375, "von_neumann": 0.7658804655075073}