{"overlap": 0.22838622331619263, "von_neumann": 1.7719366550445557}