{"overlap": 0.18029412627220154, "von_neumann": 1.9592820405960083}