{"overlap": 0.4413924813270569, "von_neumann": 0.710475504398346}