{"overlap": 0.4335353970527649, "von_neumann": 0.6063958406448364}