{"overlap": 0.20752646028995514, "von_neumann": 1.457127332687378}