{"overlap": 0.4002804756164551, "von_neumann": 0.45256519317626953}