{"overlap": 0.46191149950027466, "von_neumann": 0.025839388370513916}