{"overlap": 0.28278475999832153, "von_neumann": 0.911160409450531}