{"overlap": 0.5370129942893982, "von_neumann": 0.633733332157135}