{"overlap": 0.23497380316257477, "von_neumann": 0.3409651219844818}