{"overlap": 0.18567368388175964, "von_neumann": 1.6880311965942383}