{"overlap": 0.2670936584472656, "von_neumann": 0.2821069657802582}