{"overlap": 0.46055319905281067, "von_neumann": 0.14826028048992157}