{"overlap": 0.23416359722614288, "von_neumann": 1.2515647411346436}