{"overlap": 0.5841289162635803, "von_neumann": 0.18067151308059692}