{"overlap": 0.5674222707748413, "von_neumann": 0.07127930968999863}