{"overlap": 0.1550177037715912, "von_neumann": 2.008195161819458}