{"overlap": 0.2654913365840912, "von_neumann": 0.48113423585891724}