{"overlap": 0.16106349229812622, "von_neumann": 2.087460994720459}