{"overlap": 0.18801414966583252, "von_neumann": 1.5593414306640625}