{"overlap": 0.36758390069007874, "von_neumann": 0.7116503119468689}