{"overlap": 0.20172922313213348, "von_neumann": 1.331937551498413}