{"overlap": 0.22418373823165894, "von_neumann": 1.856956124305725}