{"overlap": 0.7389934062957764, "von_neumann": 0.02246108092367649}