{"overlap": 0.22420170903205872, "von_neumann": 1.2616305351257324}