{"overlap": 0.3094848394393921, "von_neumann": 0.5813075304031372}