{"overlap": 0.29749149084091187, "von_neumann": 0.2356499433517456}