{"overlap": 0.29823365807533264, "von_neumann": 0.6880002617835999}