{"overlap": 0.7514556050300598, "von_neumann": 0.0918111801147461}