{"overlap": 0.2672029733657837, "von_neumann": 1.239448070526123}