{"overlap": 0.25086963176727295, "von_neumann": 0.7913987040519714}