{"overlap": 0.388600617647171, "von_neumann": 0.29298126697540283}