{"overlap": 0.154979407787323, "von_neumann": 1.9502370357513428}