{"overlap": 0.3471645712852478, "von_neumann": 0.7342325448989868}