{"overlap": 0.2750983238220215, "von_neumann": 0.11616804450750351}