{"overlap": 0.34810495376586914, "von_neumann": 0.9618899822235107}