{"overlap": 0.26154837012290955, "von_neumann": 1.354110836982727}