{"overlap": 2.061133272945881e-07, "von_neumann": 0.08692952245473862}