{"overlap": 0.2011178731918335, "von_neumann": 1.9919514656066895}