{"overlap": 0.34861814975738525, "von_neumann": 1.09834885597229}