{"overlap": 0.1621795892715454, "von_neumann": 1.9817984104156494}