{"overlap": 0.408091276884079, "von_neumann": 0.11703474819660187}