{"overlap": 0.7647695541381836, "von_neumann": 0.05607505142688751}