{"overlap": 0.24465985596179962, "von_neumann": 0.421486496925354}