{"overlap": 0.38362443447113037, "von_neumann": 0.0762963593006134}