{"overlap": 0.5383776426315308, "von_neumann": 0.3970251679420471}