{"overlap": 0.19727177917957306, "von_neumann": 1.7163225412368774}