{"overlap": 0.3412560224533081, "von_neumann": 0.25975915789604187}