{"overlap": 0.3012829124927521, "von_neumann": 0.8284991979598999}