{"overlap": 0.14399145543575287, "von_neumann": 2.074859380722046}