{"overlap": 0.2077445238828659, "von_neumann": 1.80073082447052}