{"overlap": 0.2523576021194458, "von_neumann": 0.8108339905738831}