{"overlap": 0.4148857891559601, "von_neumann": 0.31879788637161255}