{"overlap": 0.2131604701280594, "von_neumann": 0.8365722894668579}