{"overlap": 0.5123372673988342, "von_neumann": 0.492814302444458}