{"overlap": 0.7794852256774902, "von_neumann": 0.1317298412322998}