{"overlap": 0.28565290570259094, "von_neumann": 1.2240674495697021}