{"overlap": 0.2970668077468872, "von_neumann": 0.8493672013282776}