{"overlap": 0.17992974817752838, "von_neumann": 1.6130706071853638}