{"overlap": 0.3523653745651245, "von_neumann": 0.6711455583572388}