{"overlap": 0.2484942227602005, "von_neumann": 1.9850342273712158}