{"overlap": 6.2273466028273106e-06, "von_neumann": 0.1392812728881836}