{"overlap": 0.2406046986579895, "von_neumann": 0.6423819661140442}