{"overlap": 0.2203141450881958, "von_neumann": 1.524780511856079}