{"overlap": 0.2861461639404297, "von_neumann": 0.6948913931846619}