{"overlap": 0.20603135228157043, "von_neumann": 1.744162917137146}