{"overlap": 0.2112385630607605, "von_neumann": 1.553373098373413}