{"overlap": 0.19501280784606934, "von_neumann": 1.5916341543197632}