{"overlap": 0.3575000464916229, "von_neumann": 0.2921162545681}