{"overlap": 0.2637898027896881, "von_neumann": 0.6018651127815247}