{"overlap": 0.21734212338924408, "von_neumann": 1.2665379047393799}