{"overlap": 0.18585315346717834, "von_neumann": 1.0732249021530151}