{"overlap": 0.2119688093662262, "von_neumann": 1.6385931968688965}