{"overlap": 0.5649368762969971, "von_neumann": 0.5733488202095032}