{"overlap": 0.18858689069747925, "von_neumann": 1.8353042602539062}