{"overlap": 0.20716901123523712, "von_neumann": 1.6345405578613281}