{"overlap": 0.23566114902496338, "von_neumann": 1.4026285409927368}