{"overlap": 0.2463737577199936, "von_neumann": 0.7819090485572815}