{"overlap": 0.2685980200767517, "von_neumann": 0.628351628780365}