{"overlap": 0.17556221783161163, "von_neumann": 1.934907078742981}