{"overlap": 0.208345428109169, "von_neumann": 1.46147882938385}