{"overlap": 0.2233349233865738, "von_neumann": 1.6367979049682617}