{"overlap": 0.363696426153183, "von_neumann": 1.1799466609954834}