{"overlap": 0.17632436752319336, "von_neumann": 1.6455305814743042}