{"overlap": 0.18416175246238708, "von_neumann": 1.7793359756469727}