{"overlap": 0.25238358974456787, "von_neumann": 0.16387391090393066}