{"overlap": 0.2194811999797821, "von_neumann": 1.5848885774612427}