{"overlap": 0.18109983205795288, "von_neumann": 1.6462316513061523}