{"overlap": 0.20488786697387695, "von_neumann": 1.8090487718582153}