{"overlap": 0.5797069668769836, "von_neumann": 0.08258841186761856}