{"overlap": 0.3197627365589142, "von_neumann": 0.05442085117101669}