{"overlap": 0.3952968120574951, "von_neumann": 0.6390790343284607}