{"overlap": 0.16772089898586273, "von_neumann": 1.4618191719055176}