{"overlap": 0.3586963713169098, "von_neumann": 0.3949093520641327}