{"overlap": 0.31834083795547485, "von_neumann": 1.153817892074585}