{"overlap": 0.37133440375328064, "von_neumann": 0.3198949694633484}