{"overlap": 0.3646940290927887, "von_neumann": 0.5292118191719055}