{"overlap": 0.44350913166999817, "von_neumann": 0.5627022385597229}