{"overlap": 0.24617832899093628, "von_neumann": 0.3248896300792694}