{"overlap": 0.3143858313560486, "von_neumann": 0.4910880923271179}