{"overlap": 0.16684198379516602, "von_neumann": 1.822150707244873}