{"overlap": 0.14089767634868622, "von_neumann": 0.2756700813770294}