{"overlap": 0.2170468121767044, "von_neumann": 1.8473947048187256}