{"overlap": 0.2648245096206665, "von_neumann": 1.142895221710205}