{"overlap": 0.3626481294631958, "von_neumann": 0.7082651853561401}