{"overlap": 0.4415720999240875, "von_neumann": 0.3350163996219635}