{"overlap": 0.23316551744937897, "von_neumann": 1.312150001525879}