{"overlap": 0.508770227432251, "von_neumann": 0.0551733672618866}