{"overlap": 0.1802971512079239, "von_neumann": 1.75691819190979}