{"overlap": 0.17394688725471497, "von_neumann": 1.9038004875183105}