{"overlap": 0.2266344279050827, "von_neumann": 0.5500087141990662}