{"overlap": 0.18042506277561188, "von_neumann": 1.8612769842147827}