{"overlap": 0.2724830210208893, "von_neumann": 0.6435816884040833}