{"overlap": 0.23441922664642334, "von_neumann": 0.3059764504432678}