{"overlap": 0.4044519364833832, "von_neumann": 0.46437251567840576}