{"overlap": 5.557085387408733e-07, "von_neumann": 0.014412416145205498}