{"overlap": 0.16351330280303955, "von_neumann": 0.26345980167388916}