{"overlap": 0.22143004834651947, "von_neumann": 1.8113234043121338}