{"overlap": 0.43922480940818787, "von_neumann": 0.06993772834539413}