{"overlap": 0.30919185280799866, "von_neumann": 0.9296573400497437}