{"overlap": 0.39551687240600586, "von_neumann": 0.7321352362632751}