{"overlap": 0.1679111123085022, "von_neumann": 1.646685004234314}