{"overlap": 0.3675381541252136, "von_neumann": 0.6182417869567871}