{"overlap": 0.4987352192401886, "von_neumann": 0.15425720810890198}