{"overlap": 0.2008945345878601, "von_neumann": 1.186264157295227}