{"overlap": 0.354291707277298, "von_neumann": 0.6105706691741943}