{"overlap": 0.1580042839050293, "von_neumann": 2.0075621604919434}