{"overlap": 0.3868849277496338, "von_neumann": 0.09879189729690552}