{"overlap": 0.24990832805633545, "von_neumann": 1.3202791213989258}