{"overlap": 0.2908780574798584, "von_neumann": 0.4688149690628052}