{"overlap": 0.3294582664966583, "von_neumann": 0.5748401880264282}