{"overlap": 0.5148051977157593, "von_neumann": 0.5667791366577148}