{"overlap": 0.19089360535144806, "von_neumann": 1.901630163192749}