{"overlap": 0.34848251938819885, "von_neumann": 0.5024574398994446}