{"overlap": 0.3067564070224762, "von_neumann": 1.5972309112548828}