{"overlap": 0.16311299800872803, "von_neumann": 1.6646064519882202}