{"overlap": 0.1672496497631073, "von_neumann": 2.097938299179077}