{"overlap": 0.2503914535045624, "von_neumann": 1.079495906829834}