{"overlap": 0.20376335084438324, "von_neumann": 1.6118227243423462}