{"overlap": 0.20600204169750214, "von_neumann": 1.693721055984497}