{"overlap": 0.17001795768737793, "von_neumann": 1.2054712772369385}