{"overlap": 0.42482849955558777, "von_neumann": 0.058747272938489914}