{"overlap": 0.4040248394012451, "von_neumann": 0.5373189449310303}