{"overlap": 0.25461092591285706, "von_neumann": 0.983500063419342}