{"overlap": 0.35202908515930176, "von_neumann": 0.5635029673576355}