{"overlap": 0.17757222056388855, "von_neumann": 1.1868243217468262}