{"overlap": 0.16816845536231995, "von_neumann": 1.806093692779541}