{"overlap": 0.31968584656715393, "von_neumann": 0.5036104917526245}