{"overlap": 0.28774598240852356, "von_neumann": 0.7933965921401978}