{"overlap": 0.2308320254087448, "von_neumann": 1.3318372964859009}