{"overlap": 0.42173928022384644, "von_neumann": 0.21382039785385132}