{"overlap": 0.5941256284713745, "von_neumann": 0.07191485911607742}