{"overlap": 0.2258392572402954, "von_neumann": 0.5132561326026917}