{"overlap": 0.40130630135536194, "von_neumann": 0.6303665637969971}