{"overlap": 0.3259255290031433, "von_neumann": 0.738741934299469}