{"overlap": 0.2656879723072052, "von_neumann": 0.2423250675201416}