{"overlap": 0.17807064950466156, "von_neumann": 1.1887187957763672}