{"overlap": 0.2222612202167511, "von_neumann": 1.7586687803268433}