{"overlap": 0.22731193900108337, "von_neumann": 1.3434566259384155}