{"overlap": 0.17113721370697021, "von_neumann": 1.8855329751968384}