{"overlap": 0.20355071127414703, "von_neumann": 1.5982489585876465}