{"overlap": 0.21649546921253204, "von_neumann": 1.457533836364746}