{"overlap": 0.3000592887401581, "von_neumann": 0.5034078359603882}