{"overlap": 0.2654806673526764, "von_neumann": 0.7315144538879395}