{"overlap": 0.18959131836891174, "von_neumann": 1.5754952430725098}