{"overlap": 0.16689833998680115, "von_neumann": 1.2180674076080322}