{"overlap": 0.2065165489912033, "von_neumann": 1.9125311374664307}