{"overlap": 0.2203870713710785, "von_neumann": 1.4302436113357544}