{"overlap": 0.19876182079315186, "von_neumann": 1.2365678548812866}