{"overlap": 0.3498956263065338, "von_neumann": 0.10982866585254669}