{"overlap": 0.18151333928108215, "von_neumann": 1.4811992645263672}