{"overlap": 0.1665993332862854, "von_neumann": 1.842766523361206}