{"overlap": 0.38162821531295776, "von_neumann": 0.7670345902442932}