{"overlap": 0.4992445111274719, "von_neumann": 0.1218639463186264}