{"overlap": 0.18565982580184937, "von_neumann": 1.654227375984192}