{"overlap": 0.3813428580760956, "von_neumann": 0.2280184030532837}