{"overlap": 0.2955119013786316, "von_neumann": 1.3019163608551025}