{"overlap": 0.44719788432121277, "von_neumann": 0.25002142786979675}