{"overlap": 0.2223493456840515, "von_neumann": 0.7088882923126221}