{"overlap": 0.34930726885795593, "von_neumann": 0.8336914777755737}