{"overlap": 0.2631545960903168, "von_neumann": 0.6332738995552063}