{"overlap": 0.21867771446704865, "von_neumann": 1.8269556760787964}