{"overlap": 0.3282824158668518, "von_neumann": 0.18974077701568604}