{"overlap": 0.3366757333278656, "von_neumann": 0.2627066969871521}