{"overlap": 0.2932065427303314, "von_neumann": 0.6626272201538086}