{"overlap": 0.4881843328475952, "von_neumann": 0.1639745682477951}