{"overlap": 0.32982221245765686, "von_neumann": 0.5866491794586182}