{"overlap": 0.4689597189426422, "von_neumann": 0.07356181740760803}