{"overlap": 0.2930113673210144, "von_neumann": 0.919707179069519}