{"overlap": 0.2926309406757355, "von_neumann": 0.7836313843727112}