{"overlap": 0.5198196172714233, "von_neumann": 0.4430541694164276}