{"overlap": 0.1973571926355362, "von_neumann": 1.54368257522583}