{"overlap": 0.3280975818634033, "von_neumann": 0.8799467086791992}