{"overlap": 0.17591382563114166, "von_neumann": 1.87553870677948}