{"overlap": 0.18279814720153809, "von_neumann": 1.6918811798095703}