{"overlap": 0.2554028332233429, "von_neumann": 0.17022617161273956}