{"overlap": 0.25791463255882263, "von_neumann": 1.4084242582321167}