{"overlap": 0.1955430805683136, "von_neumann": 1.6413955688476562}