{"overlap": 0.44770723581314087, "von_neumann": 0.11238805949687958}