{"overlap": 0.2777319550514221, "von_neumann": 1.0960379838943481}