{"overlap": 0.2546312212944031, "von_neumann": 0.6003299355506897}