{"overlap": 0.2075803279876709, "von_neumann": 1.6245635747909546}