{"overlap": 0.2845664918422699, "von_neumann": 0.5000200271606445}