{"overlap": 0.19896914064884186, "von_neumann": 1.4991185665130615}