{"overlap": 0.32791370153427124, "von_neumann": 0.951246976852417}