{"overlap": 0.1658519059419632, "von_neumann": 1.622754693031311}