{"overlap": 0.700381875038147, "von_neumann": 0.004450428299605846}