{"overlap": 4.018074832856655e-07, "von_neumann": 0.2531866133213043}