{"overlap": 0.2219770848751068, "von_neumann": 1.3377357721328735}