{"overlap": 0.5319661498069763, "von_neumann": 0.10527244210243225}