{"overlap": 0.37088513374328613, "von_neumann": 0.10322444885969162}