{"overlap": 0.4020605981349945, "von_neumann": 0.044163938611745834}