{"overlap": 0.2073950320482254, "von_neumann": 1.735945701599121}