{"overlap": 0.24849873781204224, "von_neumann": 1.006054162979126}