{"overlap": 0.17643198370933533, "von_neumann": 2.0167508125305176}