{"overlap": 0.46152809262275696, "von_neumann": 0.1380421370267868}