{"overlap": 0.19384454190731049, "von_neumann": 1.8516393899917603}