{"overlap": 0.1562318503856659, "von_neumann": 1.857450008392334}