{"overlap": 0.26932817697525024, "von_neumann": 0.9497867822647095}