{"overlap": 0.1701165735721588, "von_neumann": 2.041055202484131}