{"overlap": 0.5094520449638367, "von_neumann": 0.3353727459907532}