{"overlap": 0.17670086026191711, "von_neumann": 1.8859609365463257}