{"overlap": 0.3473065495491028, "von_neumann": 0.7487541437149048}