{"overlap": 0.15266110002994537, "von_neumann": 1.9674580097198486}