{"overlap": 0.18024635314941406, "von_neumann": 1.7168458700180054}