{"overlap": 0.18961814045906067, "von_neumann": 1.8806848526000977}