{"overlap": 0.4899333417415619, "von_neumann": 0.08316098153591156}