{"overlap": 0.19009368121623993, "von_neumann": 1.1760116815567017}