{"overlap": 0.46846020221710205, "von_neumann": 0.24583719670772552}