{"overlap": 0.19126930832862854, "von_neumann": 1.7612510919570923}