{"overlap": 0.4326973259449005, "von_neumann": 0.04913103207945824}