{"overlap": 0.17419961094856262, "von_neumann": 1.6944221258163452}