{"overlap": 0.3072303533554077, "von_neumann": 0.4986342191696167}