{"overlap": 0.36928194761276245, "von_neumann": 0.5900574922561646}