{"overlap": 0.16307933628559113, "von_neumann": 1.7167613506317139}