{"overlap": 0.29192787408828735, "von_neumann": 1.1453949213027954}