{"overlap": 0.49711984395980835, "von_neumann": 0.013101130723953247}