{"overlap": 0.15783298015594482, "von_neumann": 1.5214704275131226}