{"overlap": 0.3007178008556366, "von_neumann": 1.3423711061477661}