{"overlap": 0.5508490204811096, "von_neumann": 0.3129546642303467}