{"overlap": 0.2467900961637497, "von_neumann": 1.470434546470642}