{"overlap": 0.23574456572532654, "von_neumann": 0.409958153963089}