{"overlap": 0.15770791471004486, "von_neumann": 2.082439422607422}