{"overlap": 0.19015926122665405, "von_neumann": 1.495086908340454}