{"overlap": 0.17850404977798462, "von_neumann": 1.2182776927947998}