{"overlap": 0.2949424386024475, "von_neumann": 0.6183444857597351}