{"overlap": 0.22993218898773193, "von_neumann": 1.306725263595581}