{"overlap": 0.5171504020690918, "von_neumann": 0.1676931381225586}