{"overlap": 0.15000542998313904, "von_neumann": 1.8789252042770386}