{"overlap": 0.230443075299263, "von_neumann": 1.1248838901519775}