{"overlap": 0.3857760727405548, "von_neumann": 0.5085105895996094}