{"overlap": 0.21181625127792358, "von_neumann": 1.2766098976135254}