{"overlap": 0.3531699478626251, "von_neumann": 0.35990989208221436}