{"overlap": 0.20211783051490784, "von_neumann": 1.7056330442428589}