{"overlap": 0.18737779557704926, "von_neumann": 1.9363585710525513}