{"overlap": 0.30988261103630066, "von_neumann": 0.8520854115486145}