{"overlap": 0.3525673747062683, "von_neumann": 0.1874324381351471}