{"overlap": 0.34459444880485535, "von_neumann": 0.48097458481788635}