{"overlap": 0.24632276594638824, "von_neumann": 0.6008577942848206}