{"overlap": 0.4213413894176483, "von_neumann": 0.724433183670044}