{"overlap": 0.3229665160179138, "von_neumann": 1.074941873550415}