{"overlap": 0.14191727340221405, "von_neumann": 1.821333408355713}