{"overlap": 0.2596891522407532, "von_neumann": 0.8084977269172668}