{"overlap": 0.16977201402187347, "von_neumann": 1.8917720317840576}