{"overlap": 0.20347553491592407, "von_neumann": 0.6081480979919434}