{"overlap": 0.32933855056762695, "von_neumann": 0.5948612689971924}