{"overlap": 0.3057962656021118, "von_neumann": 0.7717423439025879}