{"overlap": 0.21063485741615295, "von_neumann": 1.800779104232788}