{"overlap": 0.281680166721344, "von_neumann": 0.6859399676322937}