{"overlap": 0.2413892149925232, "von_neumann": 1.8102178573608398}