{"overlap": 0.2813035547733307, "von_neumann": 1.1096279621124268}