{"overlap": 0.2084948569536209, "von_neumann": 1.6148642301559448}