{"overlap": 0.31580209732055664, "von_neumann": 1.097092866897583}