{"overlap": 0.20237787067890167, "von_neumann": 1.9368526935577393}