{"overlap": 0.20415320992469788, "von_neumann": 0.29111260175704956}