{"overlap": 0.3076931834220886, "von_neumann": 0.6542590856552124}