{"overlap": 0.6402420401573181, "von_neumann": 0.6781153082847595}