{"overlap": 0.3011026382446289, "von_neumann": 0.8601590394973755}