{"overlap": 0.28118541836738586, "von_neumann": 0.7265779376029968}