{"overlap": 0.1734006106853485, "von_neumann": 1.703824520111084}