{"overlap": 0.21374744176864624, "von_neumann": 1.8846205472946167}