{"overlap": 0.4672452509403229, "von_neumann": 0.028939809650182724}