{"overlap": 0.1853766143321991, "von_neumann": 1.918434977531433}