{"overlap": 0.18472601473331451, "von_neumann": 1.3541642427444458}