{"overlap": 0.22718261182308197, "von_neumann": 1.4891365766525269}