{"overlap": 0.2495313137769699, "von_neumann": 0.21887055039405823}