{"overlap": 0.2745208442211151, "von_neumann": 0.512855052947998}