{"overlap": 0.5012503862380981, "von_neumann": 0.14479944109916687}