{"overlap": 0.20163948833942413, "von_neumann": 1.5477838516235352}