{"overlap": 0.07517435401678085, "von_neumann": 0.3898463249206543}