{"overlap": 0.210651695728302, "von_neumann": 1.35847008228302}