{"overlap": 0.2152891606092453, "von_neumann": 0.9090737104415894}