{"overlap": 0.24823077023029327, "von_neumann": 1.5434849262237549}