{"overlap": 0.15195073187351227, "von_neumann": 1.8429489135742188}