{"overlap": 0.1622067242860794, "von_neumann": 1.940749168395996}