{"overlap": 0.20064404606819153, "von_neumann": 1.8366249799728394}