{"overlap": 0.20941659808158875, "von_neumann": 1.7541024684906006}