{"overlap": 0.682856023311615, "von_neumann": 0.02873525395989418}