{"overlap": 0.2497410625219345, "von_neumann": 1.4452574253082275}