{"overlap": 0.2719261348247528, "von_neumann": 0.8268852829933167}