{"overlap": 0.3517107665538788, "von_neumann": 0.15296906232833862}