{"overlap": 0.2800329923629761, "von_neumann": 0.8154761791229248}