{"overlap": 0.7571243643760681, "von_neumann": 0.10590187460184097}