{"overlap": 0.4443792402744293, "von_neumann": 0.6614623069763184}