{"overlap": 0.271822065114975, "von_neumann": 1.2891292572021484}