{"overlap": 0.21842645108699799, "von_neumann": 1.6065123081207275}