{"overlap": 0.24198046326637268, "von_neumann": 1.4423235654830933}