{"overlap": 0.21308524906635284, "von_neumann": 1.8718725442886353}