{"overlap": 0.26255783438682556, "von_neumann": 0.9982459545135498}