{"overlap": 0.4444330334663391, "von_neumann": 0.22787746787071228}