{"overlap": 0.4014911651611328, "von_neumann": 0.4452471137046814}