{"overlap": 0.18839368224143982, "von_neumann": 1.727852463722229}