{"overlap": 0.4111393988132477, "von_neumann": 0.2519340515136719}