{"overlap": 0.18458466231822968, "von_neumann": 0.4157235026359558}