{"overlap": 0.21772824227809906, "von_neumann": 1.5149612426757812}