{"overlap": 0.5821638703346252, "von_neumann": 0.017604265362024307}