{"overlap": 0.4375983774662018, "von_neumann": 0.173081636428833}