{"overlap": 0.19662147760391235, "von_neumann": 1.949352502822876}