{"overlap": 0.37778204679489136, "von_neumann": 0.6491497755050659}