{"overlap": 0.4387715458869934, "von_neumann": 0.522515058517456}