{"overlap": 0.16313625872135162, "von_neumann": 1.7727192640304565}