{"overlap": 0.2600662112236023, "von_neumann": 1.5843874216079712}