{"overlap": 8.36735125631094e-07, "von_neumann": 0.16848884522914886}