{"overlap": 0.1777789294719696, "von_neumann": 1.802492618560791}