{"overlap": 0.83672034740448, "von_neumann": 0.07565994560718536}