{"overlap": 0.4716065227985382, "von_neumann": 0.0740886852145195}