{"overlap": 0.41621875762939453, "von_neumann": 0.7193566560745239}