{"overlap": 0.3510056436061859, "von_neumann": 0.3918885588645935}