{"overlap": 0.19415836036205292, "von_neumann": 0.784602165222168}