{"overlap": 0.4124363660812378, "von_neumann": 0.7744969129562378}