{"overlap": 0.21061623096466064, "von_neumann": 1.3156116008758545}