{"overlap": 0.49590960144996643, "von_neumann": 0.15551753342151642}