{"overlap": 0.5597721934318542, "von_neumann": 0.026168981567025185}