{"overlap": 0.19985242187976837, "von_neumann": 0.1674116551876068}