{"overlap": 0.39529815316200256, "von_neumann": 0.3487471342086792}