{"overlap": 0.30869045853614807, "von_neumann": 0.6227005124092102}