{"overlap": 0.3730178773403168, "von_neumann": 0.405060350894928}