{"overlap": 0.1629994809627533, "von_neumann": 1.7749922275543213}