{"overlap": 0.29060137271881104, "von_neumann": 0.9868375062942505}