{"overlap": 0.41641750931739807, "von_neumann": 0.047527603805065155}