{"overlap": 0.39043307304382324, "von_neumann": 0.6576025485992432}