{"overlap": 0.365952730178833, "von_neumann": 0.6118793487548828}