{"overlap": 0.14698170125484467, "von_neumann": 1.8769410848617554}