{"overlap": 0.41259774565696716, "von_neumann": 0.9574347138404846}