{"overlap": 0.3679133951663971, "von_neumann": 0.9150024652481079}