{"overlap": 0.4588282108306885, "von_neumann": 0.2421475201845169}