{"overlap": 0.6006817817687988, "von_neumann": 0.6794092059135437}