{"overlap": 0.2143392115831375, "von_neumann": 1.4450922012329102}