{"overlap": 0.2231159508228302, "von_neumann": 1.7519690990447998}