{"overlap": 0.18173803389072418, "von_neumann": 1.4578571319580078}