{"overlap": 0.4188045859336853, "von_neumann": 0.17642515897750854}