{"overlap": 0.16067621111869812, "von_neumann": 1.8423364162445068}