{"overlap": 0.6808907389640808, "von_neumann": 0.11526821553707123}