{"overlap": 0.36843404173851013, "von_neumann": 0.7244192361831665}