{"overlap": 0.2579062879085541, "von_neumann": 0.3070114850997925}