{"overlap": 0.5772847533226013, "von_neumann": 0.01351058017462492}