{"overlap": 0.3646717965602875, "von_neumann": 0.3326154947280884}