{"overlap": 0.18307113647460938, "von_neumann": 1.7389191389083862}