{"overlap": 0.3152303993701935, "von_neumann": 0.27743834257125854}