{"overlap": 0.3186870515346527, "von_neumann": 0.40146541595458984}