{"overlap": 0.30323368310928345, "von_neumann": 1.4811620712280273}