{"overlap": 0.86722332239151, "von_neumann": 0.1390531063079834}