{"overlap": 0.43675854802131653, "von_neumann": 0.30491548776626587}