{"overlap": 0.16105884313583374, "von_neumann": 1.8132292032241821}