{"overlap": 0.24086874723434448, "von_neumann": 1.2529727220535278}