{"overlap": 0.19169700145721436, "von_neumann": 1.3801074028015137}