{"overlap": 0.35300007462501526, "von_neumann": 0.3493479788303375}