{"overlap": 0.3915363550186157, "von_neumann": 0.35913094878196716}