{"overlap": 0.4690658748149872, "von_neumann": 0.16150589287281036}