{"overlap": 0.2166679948568344, "von_neumann": 1.148644208908081}