{"overlap": 0.20743708312511444, "von_neumann": 1.2981575727462769}