{"overlap": 0.31203943490982056, "von_neumann": 0.8460747003555298}