{"overlap": 0.23228725790977478, "von_neumann": 0.9864473342895508}