{"overlap": 0.17812100052833557, "von_neumann": 0.2558358609676361}