{"overlap": 0.17272186279296875, "von_neumann": 1.8425407409667969}