{"overlap": 0.3085024058818817, "von_neumann": 1.312557578086853}