{"overlap": 0.4412951171398163, "von_neumann": 0.11900722980499268}