{"overlap": 0.2087322622537613, "von_neumann": 1.6836936473846436}