{"overlap": 0.3482665419578552, "von_neumann": 0.6625904440879822}