{"overlap": 0.30188843607902527, "von_neumann": 0.5812748670578003}