{"overlap": 0.3819342851638794, "von_neumann": 0.04944752901792526}