{"overlap": 0.23392602801322937, "von_neumann": 0.9097284078598022}