{"overlap": 0.22909924387931824, "von_neumann": 1.6764956712722778}