{"overlap": 0.24780702590942383, "von_neumann": 1.242514729499817}