{"overlap": 0.15146580338478088, "von_neumann": 2.10227108001709}