{"overlap": 0.31026187539100647, "von_neumann": 0.12152495235204697}