{"overlap": 0.525519073009491, "von_neumann": 0.2994841933250427}