{"overlap": 0.3262403905391693, "von_neumann": 0.33588460087776184}