{"overlap": 0.19711408019065857, "von_neumann": 1.55903959274292}