{"overlap": 0.14993566274642944, "von_neumann": 2.087233543395996}