{"overlap": 0.20351360738277435, "von_neumann": 0.2603221535682678}