{"overlap": 0.6053985953330994, "von_neumann": 0.13742735981941223}