{"overlap": 0.25673729181289673, "von_neumann": 0.7970277667045593}