{"overlap": 0.17534051835536957, "von_neumann": 1.4154260158538818}