{"overlap": 7.945345714688301e-07, "von_neumann": 0.3421652019023895}