{"overlap": 0.27945995330810547, "von_neumann": 0.1643555611371994}