{"overlap": 0.364976167678833, "von_neumann": 0.917216420173645}