{"overlap": 0.4849550127983093, "von_neumann": 0.3684110641479492}