{"overlap": 0.19378703832626343, "von_neumann": 1.4612188339233398}