{"overlap": 0.27659156918525696, "von_neumann": 0.9197903871536255}