{"overlap": 0.19337856769561768, "von_neumann": 1.3524844646453857}