{"overlap": 0.166774183511734, "von_neumann": 1.4063525199890137}