{"overlap": 0.3565694987773895, "von_neumann": 0.41800248622894287}