{"overlap": 0.243494912981987, "von_neumann": 1.0621417760849}