{"overlap": 0.4221736788749695, "von_neumann": 0.5375457406044006}