{"overlap": 0.36264997720718384, "von_neumann": 0.13774272799491882}