{"overlap": 0.44532856345176697, "von_neumann": 0.2335255891084671}