{"overlap": 0.17760881781578064, "von_neumann": 1.1059274673461914}