{"overlap": 0.18173247575759888, "von_neumann": 1.2563047409057617}