{"overlap": 0.13657259941101074, "von_neumann": 2.0415451526641846}