{"overlap": 0.25638407468795776, "von_neumann": 0.7132155299186707}