{"overlap": 0.40246984362602234, "von_neumann": 0.16976401209831238}