{"overlap": 0.25523024797439575, "von_neumann": 1.2250268459320068}