{"overlap": 0.21861284971237183, "von_neumann": 1.1361290216445923}