{"overlap": 0.34909912943840027, "von_neumann": 0.7809083461761475}