{"overlap": 0.32781675457954407, "von_neumann": 0.11410512775182724}