{"overlap": 0.2205786257982254, "von_neumann": 1.6701760292053223}