{"overlap": 0.31983450055122375, "von_neumann": 0.6480323076248169}