{"overlap": 0.24913857877254486, "von_neumann": 0.8510537147521973}