{"overlap": 0.42754650115966797, "von_neumann": 0.055710893124341965}