{"overlap": 0.2430349886417389, "von_neumann": 1.1939693689346313}