{"overlap": 0.1757034957408905, "von_neumann": 1.5204854011535645}