{"overlap": 0.16946016252040863, "von_neumann": 1.4113870859146118}