{"overlap": 0.18492838740348816, "von_neumann": 1.851388692855835}