{"overlap": 0.39799943566322327, "von_neumann": 0.2496902048587799}