{"overlap": 0.3596093952655792, "von_neumann": 0.6887276768684387}