{"overlap": 0.2534981966018677, "von_neumann": 0.7322369813919067}