{"overlap": 0.16726550459861755, "von_neumann": 1.8125925064086914}