{"overlap": 0.2750062346458435, "von_neumann": 0.1176496371626854}