{"overlap": 0.15605756640434265, "von_neumann": 2.113837480545044}