{"overlap": 0.21871928870677948, "von_neumann": 1.3381751775741577}