{"overlap": 0.24445950984954834, "von_neumann": 0.3196331560611725}