{"overlap": 0.4036346673965454, "von_neumann": 0.18820425868034363}