{"overlap": 0.22093786299228668, "von_neumann": 1.3640869855880737}