{"overlap": 0.2655673623085022, "von_neumann": 0.38121166825294495}