{"overlap": 0.5186054706573486, "von_neumann": 0.3192957937717438}