{"overlap": 0.20190180838108063, "von_neumann": 1.2297532558441162}