{"overlap": 0.4255324602127075, "von_neumann": 0.38548552989959717}