{"overlap": 0.6108547449111938, "von_neumann": 0.41057559847831726}