{"overlap": 0.18743681907653809, "von_neumann": 0.027469638735055923}