{"overlap": 0.4953562319278717, "von_neumann": 0.559567928314209}