{"overlap": 0.5927306413650513, "von_neumann": 0.5421290993690491}