{"overlap": 0.49403733015060425, "von_neumann": 0.6805734038352966}