{"overlap": 0.18252958357334137, "von_neumann": 1.606835126876831}