{"overlap": 0.2985333502292633, "von_neumann": 0.03608052805066109}