{"overlap": 0.20650815963745117, "von_neumann": 1.285595178604126}