{"overlap": 0.4587153494358063, "von_neumann": 0.4406311810016632}