{"overlap": 0.3227151036262512, "von_neumann": 0.6706052422523499}