{"overlap": 0.3737905025482178, "von_neumann": 0.2943333685398102}