{"overlap": 0.4160712659358978, "von_neumann": 0.16680243611335754}