{"overlap": 0.17525416612625122, "von_neumann": 1.8809133768081665}