{"overlap": 0.2988605797290802, "von_neumann": 1.317571759223938}