{"overlap": 0.437421590089798, "von_neumann": 0.7586248517036438}