{"overlap": 0.6832013130187988, "von_neumann": 0.07689465582370758}