{"overlap": 0.16709235310554504, "von_neumann": 1.9597194194793701}