{"overlap": 0.2958028018474579, "von_neumann": 1.175809383392334}