{"overlap": 0.20356658101081848, "von_neumann": 1.8866806030273438}