{"overlap": 0.24150510132312775, "von_neumann": 1.873488426208496}