{"overlap": 0.4652102589607239, "von_neumann": 0.12823638319969177}