{"overlap": 0.38216710090637207, "von_neumann": 0.2632259130477905}