{"overlap": 0.2716037333011627, "von_neumann": 0.9683052897453308}