{"overlap": 0.23845244944095612, "von_neumann": 1.1462044715881348}