{"overlap": 0.2651146352291107, "von_neumann": 0.2483212649822235}