{"overlap": 0.4542694687843323, "von_neumann": 0.027401523664593697}