{"overlap": 0.5902236104011536, "von_neumann": 0.23073263466358185}