{"overlap": 0.4145001471042633, "von_neumann": 0.616398811340332}