{"overlap": 0.14784494042396545, "von_neumann": 2.051490545272827}