{"overlap": 0.2698420286178589, "von_neumann": 1.5222065448760986}