{"overlap": 0.16547489166259766, "von_neumann": 1.5242013931274414}