{"overlap": 0.16081492602825165, "von_neumann": 1.9649033546447754}