{"overlap": 0.4689197242259979, "von_neumann": 0.9069002866744995}