{"overlap": 0.676863431930542, "von_neumann": 0.05254390090703964}