{"overlap": 0.1974792629480362, "von_neumann": 1.3538951873779297}