{"overlap": 0.34933269023895264, "von_neumann": 0.2510145306587219}