{"overlap": 0.38834455609321594, "von_neumann": 0.10756291449069977}