{"overlap": 0.3170606791973114, "von_neumann": 0.5082300901412964}