{"overlap": 0.1596897691488266, "von_neumann": 1.8224319219589233}