{"overlap": 0.2845281660556793, "von_neumann": 0.9238364696502686}