{"overlap": 0.46750113368034363, "von_neumann": 0.4178759753704071}