{"overlap": 0.22820930182933807, "von_neumann": 1.6219239234924316}