{"overlap": 0.48465248942375183, "von_neumann": 0.5356867909431458}