{"overlap": 0.28222793340682983, "von_neumann": 1.0590919256210327}