{"overlap": 0.5294798612594604, "von_neumann": 0.6792216300964355}