{"overlap": 0.2415672242641449, "von_neumann": 0.9482322931289673}