{"overlap": 0.4543181359767914, "von_neumann": 0.3375681936740875}