{"overlap": 0.17010584473609924, "von_neumann": 1.875276803970337}