{"overlap": 0.17463883757591248, "von_neumann": 2.006385326385498}