{"overlap": 0.41864049434661865, "von_neumann": 0.31739047169685364}