{"overlap": 0.30544012784957886, "von_neumann": 0.6907684803009033}