{"overlap": 0.21185988187789917, "von_neumann": 1.3355268239974976}