{"overlap": 0.32756850123405457, "von_neumann": 0.6396728157997131}