{"overlap": 0.1637914478778839, "von_neumann": 1.7590292692184448}