{"overlap": 0.2399836629629135, "von_neumann": 1.8570570945739746}