{"overlap": 0.16611161828041077, "von_neumann": 1.68495512008667}