{"overlap": 0.19743934273719788, "von_neumann": 1.4230725765228271}