{"overlap": 0.2065267413854599, "von_neumann": 0.7682971954345703}