{"overlap": 0.4992634952068329, "von_neumann": 0.13727517426013947}