{"overlap": 0.17067742347717285, "von_neumann": 1.8435068130493164}