{"overlap": 0.2779373526573181, "von_neumann": 0.6359243392944336}