{"overlap": 0.1928970366716385, "von_neumann": 1.7731807231903076}