{"overlap": 0.15612900257110596, "von_neumann": 2.03926420211792}