{"overlap": 0.18533432483673096, "von_neumann": 1.866320252418518}