{"overlap": 0.1501183807849884, "von_neumann": 1.8833563327789307}