{"overlap": 0.15558964014053345, "von_neumann": 1.875401496887207}