{"overlap": 0.20391416549682617, "von_neumann": 1.4898279905319214}