{"overlap": 0.1991560310125351, "von_neumann": 1.4512333869934082}