{"overlap": 0.5387644171714783, "von_neumann": 0.10782118886709213}