{"overlap": 0.33769524097442627, "von_neumann": 0.409628689289093}