{"overlap": 0.18083782494068146, "von_neumann": 1.8709466457366943}