{"overlap": 0.24973511695861816, "von_neumann": 0.5733323097229004}