{"overlap": 0.3639306426048279, "von_neumann": 0.6677133440971375}