{"overlap": 0.30422866344451904, "von_neumann": 1.2078355550765991}