{"overlap": 0.19413068890571594, "von_neumann": 1.7562878131866455}