{"overlap": 0.17130576074123383, "von_neumann": 1.7720134258270264}