{"overlap": 0.20952771604061127, "von_neumann": 1.756216287612915}