{"overlap": 0.27949610352516174, "von_neumann": 1.6426000595092773}