{"overlap": 0.17706966400146484, "von_neumann": 1.2784780263900757}