{"overlap": 0.27009323239326477, "von_neumann": 1.1390827894210815}