{"overlap": 0.2522844076156616, "von_neumann": 0.912662148475647}