{"overlap": 0.1848495900630951, "von_neumann": 1.6845641136169434}