{"overlap": 0.1854756772518158, "von_neumann": 0.28069183230400085}