{"overlap": 0.20363712310791016, "von_neumann": 0.09108810126781464}