{"overlap": 0.17070798575878143, "von_neumann": 1.3534977436065674}