{"overlap": 0.1930529624223709, "von_neumann": 0.9086504578590393}