{"overlap": 0.22395098209381104, "von_neumann": 1.671821117401123}