{"overlap": 0.37815210223197937, "von_neumann": 0.33590835332870483}