{"overlap": 0.19229111075401306, "von_neumann": 1.1449607610702515}