{"overlap": 0.18163526058197021, "von_neumann": 1.9659096002578735}