{"overlap": 0.2704148292541504, "von_neumann": 1.1195735931396484}