{"overlap": 0.29463648796081543, "von_neumann": 0.5790481567382812}