{"overlap": 0.23688416182994843, "von_neumann": 1.3566633462905884}