{"overlap": 0.1628568172454834, "von_neumann": 2.1194183826446533}