{"overlap": 0.22829711437225342, "von_neumann": 1.2913312911987305}