{"overlap": 0.20257490873336792, "von_neumann": 0.9065185785293579}