{"overlap": 0.6287458539009094, "von_neumann": 0.017990726977586746}