{"overlap": 0.18890300393104553, "von_neumann": 1.761388897895813}