{"overlap": 0.287050724029541, "von_neumann": 1.1699481010437012}