{"overlap": 0.42203059792518616, "von_neumann": 0.87041175365448}