{"overlap": 0.401208758354187, "von_neumann": 0.5571396350860596}