{"overlap": 0.19832544028759003, "von_neumann": 0.5048102736473083}