{"overlap": 0.1777978241443634, "von_neumann": 1.945472240447998}