{"overlap": 0.4960601031780243, "von_neumann": 0.4813099503517151}