{"overlap": 0.19276107847690582, "von_neumann": 1.6574621200561523}