{"overlap": 0.24500742554664612, "von_neumann": 1.2624177932739258}