{"overlap": 0.3146810531616211, "von_neumann": 1.381825566291809}