{"overlap": 0.2977270185947418, "von_neumann": 0.5178189277648926}