{"overlap": 0.2519943118095398, "von_neumann": 0.5189098119735718}