{"overlap": 0.22243811190128326, "von_neumann": 1.6649121046066284}