{"overlap": 0.42529141902923584, "von_neumann": 0.43497031927108765}