{"overlap": 0.19765208661556244, "von_neumann": 0.4549117684364319}