{"overlap": 0.3766647279262543, "von_neumann": 0.2626339793205261}