{"overlap": 0.20355352759361267, "von_neumann": 0.9963046908378601}