{"overlap": 0.32246604561805725, "von_neumann": 0.9480778574943542}