{"overlap": 0.15701361000537872, "von_neumann": 1.8360925912857056}