{"overlap": 0.20223434269428253, "von_neumann": 1.8922384977340698}