{"overlap": 0.3023863732814789, "von_neumann": 0.1176893413066864}