{"overlap": 0.3248598575592041, "von_neumann": 0.6945850253105164}