{"overlap": 0.5111589431762695, "von_neumann": 0.0959094688296318}