{"overlap": 0.6495984196662903, "von_neumann": 0.04430342838168144}