{"overlap": 0.37341147661209106, "von_neumann": 0.9783415794372559}