{"overlap": 0.18602599203586578, "von_neumann": 1.6664187908172607}