{"overlap": 0.45805174112319946, "von_neumann": 0.5854538679122925}