{"overlap": 0.16706308722496033, "von_neumann": 1.8692412376403809}