{"overlap": 0.2447877675294876, "von_neumann": 1.2288284301757812}