{"overlap": 0.3110851049423218, "von_neumann": 0.40983647108078003}