{"overlap": 0.5312281250953674, "von_neumann": 0.06658121943473816}