{"overlap": 0.17292702198028564, "von_neumann": 1.8902567625045776}