{"overlap": 0.2933395802974701, "von_neumann": 1.27547287940979}