{"overlap": 0.21678566932678223, "von_neumann": 0.7489510774612427}