{"overlap": 1.3771932572126389e-06, "von_neumann": 0.43320026993751526}