{"overlap": 0.18177425861358643, "von_neumann": 1.7342584133148193}