{"overlap": 0.4151516258716583, "von_neumann": 0.07627107948064804}