{"overlap": 0.2926126718521118, "von_neumann": 1.238335371017456}