{"overlap": 0.4304330050945282, "von_neumann": 0.4242042899131775}