{"overlap": 0.19847358763217926, "von_neumann": 1.6297017335891724}