{"overlap": 0.35482874512672424, "von_neumann": 0.7923884391784668}