{"overlap": 0.3345693349838257, "von_neumann": 0.009533599019050598}