{"overlap": 0.15634651482105255, "von_neumann": 1.8730831146240234}