{"overlap": 0.17908337712287903, "von_neumann": 1.885358214378357}