{"overlap": 0.19970762729644775, "von_neumann": 1.528817057609558}