{"overlap": 0.32074570655822754, "von_neumann": 0.3056909739971161}