{"overlap": 0.2854270935058594, "von_neumann": 0.7386924624443054}