{"overlap": 0.44045451283454895, "von_neumann": 0.22429631650447845}