{"overlap": 0.2213403880596161, "von_neumann": 0.752289891242981}