{"overlap": 0.27456384897232056, "von_neumann": 1.2400445938110352}