{"overlap": 0.44310715794563293, "von_neumann": 0.5074132084846497}