{"overlap": 0.24322281777858734, "von_neumann": 1.4616504907608032}