{"overlap": 0.34393513202667236, "von_neumann": 0.5575152635574341}