{"overlap": 0.17566846311092377, "von_neumann": 1.7152512073516846}