{"overlap": 0.19763994216918945, "von_neumann": 1.4415682554244995}