{"overlap": 0.23895259201526642, "von_neumann": 1.5072811841964722}