{"overlap": 0.2576834559440613, "von_neumann": 1.499942660331726}