{"overlap": 0.24927522242069244, "von_neumann": 1.1419498920440674}