{"overlap": 0.3647715747356415, "von_neumann": 0.011895065195858479}