{"overlap": 0.2170206606388092, "von_neumann": 1.4653505086898804}