{"overlap": 0.14617465436458588, "von_neumann": 1.4165940284729004}