{"overlap": 0.5447908639907837, "von_neumann": 0.02942456677556038}