{"overlap": 0.22540204226970673, "von_neumann": 0.5084435939788818}