{"overlap": 0.24732857942581177, "von_neumann": 0.8783671855926514}