{"overlap": 0.19736464321613312, "von_neumann": 2.084216833114624}