{"overlap": 0.2899213433265686, "von_neumann": 1.0134059190750122}