{"overlap": 0.21977107226848602, "von_neumann": 0.9069692492485046}