{"overlap": 0.4483829736709595, "von_neumann": 0.81345534324646}