{"overlap": 0.5779585838317871, "von_neumann": 0.22118012607097626}