{"overlap": 0.20511263608932495, "von_neumann": 1.6581512689590454}