{"overlap": 0.26739758253097534, "von_neumann": 0.8669403791427612}