{"overlap": 0.298434317111969, "von_neumann": 0.5863215923309326}