{"overlap": 0.24811506271362305, "von_neumann": 1.3823127746582031}