{"overlap": 0.19113227725028992, "von_neumann": 1.5479415655136108}