{"overlap": 0.15920086205005646, "von_neumann": 1.9789891242980957}