{"overlap": 0.18189562857151031, "von_neumann": 1.7063874006271362}