{"overlap": 0.28860756754875183, "von_neumann": 0.5362915396690369}