{"overlap": 0.545022189617157, "von_neumann": 0.10363886505365372}