{"overlap": 0.20530486106872559, "von_neumann": 1.3409509658813477}