{"overlap": 0.423048198223114, "von_neumann": 0.6360386610031128}