{"overlap": 0.48172134160995483, "von_neumann": 0.3872678875923157}