{"overlap": 0.6322733759880066, "von_neumann": 0.19769321382045746}