{"overlap": 0.25841858983039856, "von_neumann": 0.00986114889383316}