{"overlap": 0.188930481672287, "von_neumann": 1.780594825744629}