{"overlap": 0.1961669921875, "von_neumann": 1.7114932537078857}