{"overlap": 0.22632606327533722, "von_neumann": 1.0629204511642456}