{"overlap": 0.2534573972225189, "von_neumann": 1.4316102266311646}