{"overlap": 0.3905804455280304, "von_neumann": 0.630171000957489}