{"overlap": 0.44843924045562744, "von_neumann": 0.46680527925491333}