{"overlap": 0.3559269309043884, "von_neumann": 0.673873245716095}