{"overlap": 0.1814500093460083, "von_neumann": 1.9314931631088257}