{"overlap": 0.15236198902130127, "von_neumann": 0.0995936244726181}