{"overlap": 0.19275660812854767, "von_neumann": 1.9181244373321533}