{"overlap": 0.19385765492916107, "von_neumann": 1.2998467683792114}