{"overlap": 0.16980503499507904, "von_neumann": 1.7314790487289429}