{"overlap": 0.24952323734760284, "von_neumann": 1.3450337648391724}