{"overlap": 0.2752299904823303, "von_neumann": 0.4721097946166992}