{"overlap": 0.3245411515235901, "von_neumann": 1.1154096126556396}