{"overlap": 0.28536173701286316, "von_neumann": 0.5244673490524292}