{"overlap": 0.3019234538078308, "von_neumann": 0.5534999370574951}