{"overlap": 0.21166282892227173, "von_neumann": 1.206034779548645}