{"overlap": 0.20273953676223755, "von_neumann": 1.8283997774124146}