{"overlap": 0.19434642791748047, "von_neumann": 1.7055447101593018}