{"overlap": 0.1870419979095459, "von_neumann": 1.874974012374878}