{"overlap": 0.28839239478111267, "von_neumann": 0.05549138784408569}