{"overlap": 0.233283132314682, "von_neumann": 1.5715582370758057}