{"overlap": 0.2098322957754135, "von_neumann": 0.7664246559143066}