{"overlap": 0.40408340096473694, "von_neumann": 0.9287888407707214}