{"overlap": 0.3330676555633545, "von_neumann": 0.6623005867004395}