{"overlap": 0.22358879446983337, "von_neumann": 1.4820799827575684}