{"overlap": 0.3041292726993561, "von_neumann": 0.5809106826782227}