{"overlap": 0.5370580554008484, "von_neumann": 0.48165348172187805}