{"overlap": 0.29051852226257324, "von_neumann": 0.16705098748207092}