{"overlap": 0.5692516565322876, "von_neumann": 0.14914998412132263}