{"overlap": 0.1747182309627533, "von_neumann": 1.6441473960876465}