{"overlap": 0.17363712191581726, "von_neumann": 1.6542906761169434}