{"overlap": 0.43426546454429626, "von_neumann": 0.44883543252944946}