{"overlap": 0.3866124451160431, "von_neumann": 0.35743844509124756}