{"overlap": 0.6716104745864868, "von_neumann": 0.22418124973773956}