{"overlap": 0.18447938561439514, "von_neumann": 1.6316176652908325}