{"overlap": 0.1981888711452484, "von_neumann": 1.8347907066345215}