{"overlap": 0.1929163783788681, "von_neumann": 1.8726916313171387}