{"overlap": 0.1985894739627838, "von_neumann": 1.826392650604248}