{"overlap": 0.15600167214870453, "von_neumann": 1.8781440258026123}