{"overlap": 0.3383176922798157, "von_neumann": 0.5205475687980652}