{"overlap": 0.15797768533229828, "von_neumann": 1.846796989440918}