{"overlap": 0.2943943738937378, "von_neumann": 0.7606277465820312}