{"overlap": 0.20811299979686737, "von_neumann": 1.3312954902648926}