{"overlap": 0.17098525166511536, "von_neumann": 1.4828578233718872}