{"overlap": 0.19535554945468903, "von_neumann": 0.5471978187561035}