{"overlap": 0.22940464317798615, "von_neumann": 1.7083027362823486}