{"overlap": 0.16535617411136627, "von_neumann": 1.7864402532577515}