{"overlap": 0.716876208782196, "von_neumann": 0.03861916810274124}