{"overlap": 0.2171907126903534, "von_neumann": 1.3890544176101685}