{"overlap": 0.16160960495471954, "von_neumann": 1.982303261756897}