{"overlap": 0.547051727771759, "von_neumann": 0.19136464595794678}