{"overlap": 0.2706766128540039, "von_neumann": 0.3723367750644684}