{"overlap": 0.21496610343456268, "von_neumann": 1.5321173667907715}