{"overlap": 0.42759940028190613, "von_neumann": 0.49264562129974365}