{"overlap": 0.40330326557159424, "von_neumann": 0.020767930895090103}