{"overlap": 0.3343625068664551, "von_neumann": 0.4812607765197754}