{"overlap": 0.35083138942718506, "von_neumann": 0.416554719209671}