{"overlap": 0.45489251613616943, "von_neumann": 0.3710113763809204}