{"overlap": 0.48336276412010193, "von_neumann": 0.12538321316242218}