{"overlap": 0.1944449096918106, "von_neumann": 1.894998550415039}