{"overlap": 0.4126339852809906, "von_neumann": 0.6990873217582703}