{"overlap": 0.1334177553653717, "von_neumann": 0.4187796115875244}