{"overlap": 0.17095749080181122, "von_neumann": 0.06208570674061775}