{"overlap": 0.24607424437999725, "von_neumann": 0.9881670475006104}