{"overlap": 0.1583443433046341, "von_neumann": 1.9408786296844482}