{"overlap": 0.23774181306362152, "von_neumann": 1.5777318477630615}