{"overlap": 0.2059563398361206, "von_neumann": 1.6009904146194458}