{"overlap": 0.22121940553188324, "von_neumann": 1.4025518894195557}