{"overlap": 0.22006604075431824, "von_neumann": 0.17989709973335266}