{"overlap": 0.49638283252716064, "von_neumann": 0.20081090927124023}