{"overlap": 0.30401697754859924, "von_neumann": 0.6873747706413269}