{"overlap": 0.3206227123737335, "von_neumann": 1.1906124353408813}