{"overlap": 0.1920977681875229, "von_neumann": 0.8716133236885071}