{"overlap": 0.2886972427368164, "von_neumann": 0.28722748160362244}