{"overlap": 0.1375044882297516, "von_neumann": 2.015085458755493}