{"overlap": 0.5361182689666748, "von_neumann": 0.4438486695289612}