{"overlap": 0.3315226435661316, "von_neumann": 0.31785139441490173}