{"overlap": 0.25623819231987, "von_neumann": 0.6707271337509155}