{"overlap": 0.16534005105495453, "von_neumann": 2.0688674449920654}