{"overlap": 0.2152109295129776, "von_neumann": 1.3754349946975708}