{"overlap": 0.31009840965270996, "von_neumann": 0.26410165429115295}