{"overlap": 0.3404688239097595, "von_neumann": 0.6731550693511963}