{"overlap": 0.1805119812488556, "von_neumann": 1.7988818883895874}