{"overlap": 0.3071369528770447, "von_neumann": 0.621407151222229}