{"overlap": 0.4218093752861023, "von_neumann": 0.6593343019485474}