{"overlap": 0.21786433458328247, "von_neumann": 1.383241057395935}