{"overlap": 0.3626328110694885, "von_neumann": 0.6474869847297668}