{"overlap": 0.417830228805542, "von_neumann": 0.6930149793624878}