{"overlap": 0.6533323526382446, "von_neumann": 0.10702823102474213}