{"overlap": 0.36782482266426086, "von_neumann": 0.09512949734926224}