{"overlap": 0.28986483812332153, "von_neumann": 0.7706883549690247}