{"overlap": 0.4392484128475189, "von_neumann": 0.5599061250686646}