{"overlap": 0.24777449667453766, "von_neumann": 1.1859562397003174}