{"overlap": 0.20224706828594208, "von_neumann": 0.6488316655158997}