{"overlap": 0.153050035238266, "von_neumann": 1.0382018089294434}