{"overlap": 0.38221174478530884, "von_neumann": 0.6996563673019409}