{"overlap": 0.2910144627094269, "von_neumann": 1.03688383102417}