{"overlap": 0.19158056378364563, "von_neumann": 1.6888279914855957}