{"overlap": 0.4601137638092041, "von_neumann": 0.07420793920755386}