{"overlap": 0.433974027633667, "von_neumann": 0.5723264217376709}