{"overlap": 0.5831471085548401, "von_neumann": 0.04281974956393242}