{"overlap": 0.4405219554901123, "von_neumann": 0.5154051780700684}