{"overlap": 0.22631099820137024, "von_neumann": 1.6494972705841064}