{"overlap": 0.16364894807338715, "von_neumann": 1.627561092376709}