{"overlap": 0.23530134558677673, "von_neumann": 0.9687672257423401}