{"overlap": 0.3170238733291626, "von_neumann": 0.1983817219734192}