{"overlap": 0.3393016457557678, "von_neumann": 0.0488441102206707}