{"overlap": 0.1878918558359146, "von_neumann": 1.3986475467681885}