{"overlap": 0.2264746129512787, "von_neumann": 0.8182956576347351}