{"overlap": 0.23298223316669464, "von_neumann": 1.2824662923812866}