{"overlap": 0.16552190482616425, "von_neumann": 1.3084144592285156}