{"overlap": 0.22445586323738098, "von_neumann": 1.7004057168960571}