{"overlap": 0.5142095685005188, "von_neumann": 0.10850074142217636}