{"overlap": 0.2565569579601288, "von_neumann": 0.8252112865447998}