{"overlap": 0.44610413908958435, "von_neumann": 0.36953020095825195}