{"overlap": 0.1865297108888626, "von_neumann": 1.9288604259490967}