{"overlap": 0.19842161238193512, "von_neumann": 1.3494980335235596}