{"overlap": 0.14465224742889404, "von_neumann": 1.8320841789245605}