{"overlap": 0.40694114565849304, "von_neumann": 0.42091065645217896}