{"overlap": 0.28246697783470154, "von_neumann": 0.9196479916572571}