{"overlap": 0.18474110960960388, "von_neumann": 1.5227898359298706}