{"overlap": 0.17269587516784668, "von_neumann": 2.0874361991882324}