{"overlap": 0.46313944458961487, "von_neumann": 0.028329607099294662}