{"overlap": 0.20550675690174103, "von_neumann": 1.006168246269226}