{"overlap": 0.254269003868103, "von_neumann": 0.18862274289131165}