{"overlap": 0.1516040712594986, "von_neumann": 1.7857774496078491}