{"overlap": 0.3756551444530487, "von_neumann": 0.3680165708065033}