{"overlap": 0.3321731388568878, "von_neumann": 0.7944201231002808}