{"overlap": 0.24904431402683258, "von_neumann": 1.4071348905563354}