{"overlap": 0.2060261368751526, "von_neumann": 1.9168181419372559}