{"overlap": 0.45254892110824585, "von_neumann": 0.034375883638858795}