{"overlap": 0.19071164727210999, "von_neumann": 1.6334660053253174}