{"overlap": 0.480955570936203, "von_neumann": 0.6746889352798462}