{"overlap": 0.21894727647304535, "von_neumann": 0.7830473780632019}