{"overlap": 0.14873522520065308, "von_neumann": 1.8613969087600708}