{"overlap": 0.2002805471420288, "von_neumann": 1.5792802572250366}