{"overlap": 0.16446846723556519, "von_neumann": 1.9990665912628174}