{"overlap": 0.24883700907230377, "von_neumann": 1.107922077178955}