{"overlap": 0.3578747510910034, "von_neumann": 0.4228641986846924}