{"overlap": 0.25732743740081787, "von_neumann": 1.0958068370819092}