{"overlap": 0.19717231392860413, "von_neumann": 1.828334093093872}