{"overlap": 0.2482149451971054, "von_neumann": 1.0939304828643799}