{"overlap": 0.46735048294067383, "von_neumann": 0.39133813977241516}