{"overlap": 0.3234412670135498, "von_neumann": 1.03719162940979}