{"overlap": 0.2676202058792114, "von_neumann": 0.13156913220882416}