{"overlap": 0.42370760440826416, "von_neumann": 0.10355924814939499}