{"overlap": 0.316154420375824, "von_neumann": 0.6357064843177795}