{"overlap": 0.21625255048274994, "von_neumann": 1.4602596759796143}