{"overlap": 0.16101551055908203, "von_neumann": 0.997880756855011}