{"overlap": 0.22470833361148834, "von_neumann": 1.7024974822998047}