{"overlap": 0.5319386124610901, "von_neumann": 0.08854538947343826}