{"overlap": 0.17145344614982605, "von_neumann": 1.9923875331878662}