{"overlap": 0.5683149695396423, "von_neumann": 0.0012079704320058227}