{"overlap": 0.1859268844127655, "von_neumann": 1.7058868408203125}