{"overlap": 0.41051986813545227, "von_neumann": 0.19568857550621033}