{"overlap": 0.31220775842666626, "von_neumann": 1.3946211338043213}