{"overlap": 0.4006279706954956, "von_neumann": 0.6777799725532532}