{"overlap": 0.5802660584449768, "von_neumann": 0.09530770778656006}