{"overlap": 0.2727895975112915, "von_neumann": 1.5851433277130127}