{"overlap": 0.21007004380226135, "von_neumann": 1.6300443410873413}