{"overlap": 0.19053006172180176, "von_neumann": 2.0170998573303223}