{"overlap": 0.3224543035030365, "von_neumann": 1.1430537700653076}