{"overlap": 0.1796756535768509, "von_neumann": 2.026937484741211}