{"overlap": 0.23855139315128326, "von_neumann": 1.3310723304748535}