{"overlap": 0.5044955015182495, "von_neumann": 0.004947333596646786}