{"overlap": 0.1690463423728943, "von_neumann": 1.2461655139923096}