{"overlap": 0.23781822621822357, "von_neumann": 1.4528847932815552}