{"overlap": 0.22731715440750122, "von_neumann": 1.1623470783233643}