{"overlap": 0.4584009051322937, "von_neumann": 0.169813334941864}