{"overlap": 0.555550754070282, "von_neumann": 0.06464476138353348}