{"overlap": 0.2273232638835907, "von_neumann": 0.8741344213485718}