{"overlap": 0.29794254899024963, "von_neumann": 0.8781294822692871}