{"overlap": 0.19150352478027344, "von_neumann": 1.2147996425628662}