{"overlap": 0.2904036343097687, "von_neumann": 0.8763874769210815}