{"overlap": 0.22173836827278137, "von_neumann": 1.477308750152588}