{"overlap": 0.30897077918052673, "von_neumann": 0.4931912422180176}