{"overlap": 0.22859236598014832, "von_neumann": 0.8536819219589233}