{"overlap": 0.49297207593917847, "von_neumann": 0.22918516397476196}