{"overlap": 0.8025928735733032, "von_neumann": 0.061220522969961166}