{"overlap": 0.30988091230392456, "von_neumann": 1.209367036819458}