{"overlap": 0.4396556317806244, "von_neumann": 0.20339465141296387}