{"overlap": 0.1675845831632614, "von_neumann": 1.8965213298797607}