{"overlap": 0.24448616802692413, "von_neumann": 0.6553429365158081}