{"overlap": 0.24107275903224945, "von_neumann": 0.5385478138923645}