{"overlap": 0.2644694149494171, "von_neumann": 1.2972073554992676}