{"overlap": 0.39831972122192383, "von_neumann": 0.5546373724937439}