{"overlap": 0.3733179569244385, "von_neumann": 0.8346899151802063}