{"overlap": 0.38018518686294556, "von_neumann": 0.8279427289962769}