{"overlap": 0.18735967576503754, "von_neumann": 1.5456575155258179}