{"overlap": 0.36996179819107056, "von_neumann": 0.556012749671936}