{"overlap": 0.2862599194049835, "von_neumann": 1.2465157508850098}