{"overlap": 0.35385480523109436, "von_neumann": 0.706539511680603}