{"overlap": 0.30533429980278015, "von_neumann": 1.2844650745391846}