{"overlap": 0.21841810643672943, "von_neumann": 1.7267600297927856}