{"overlap": 0.26600852608680725, "von_neumann": 0.5136285424232483}