{"overlap": 0.19991818070411682, "von_neumann": 1.4753127098083496}