{"overlap": 0.4146144688129425, "von_neumann": 0.5205091834068298}