{"overlap": 0.25022637844085693, "von_neumann": 0.5171804428100586}