{"overlap": 0.3571111261844635, "von_neumann": 0.14773324131965637}