{"overlap": 0.46228328347206116, "von_neumann": 0.23569703102111816}