{"overlap": 0.4107462763786316, "von_neumann": 0.6262446641921997}