{"overlap": 0.17558540403842926, "von_neumann": 1.8080205917358398}