{"overlap": 0.16401001811027527, "von_neumann": 1.9357953071594238}