{"overlap": 0.30738526582717896, "von_neumann": 1.0208197832107544}