{"overlap": 0.24179436266422272, "von_neumann": 1.128570795059204}