{"overlap": 0.46844762563705444, "von_neumann": 0.03894416242837906}