{"overlap": 0.40835967659950256, "von_neumann": 0.0818745568394661}