{"overlap": 0.16726160049438477, "von_neumann": 0.6562676429748535}