{"overlap": 0.19618955254554749, "von_neumann": 1.6993979215621948}