{"overlap": 0.3755185306072235, "von_neumann": 0.28430449962615967}