{"overlap": 0.382169246673584, "von_neumann": 1.0523287057876587}