{"overlap": 0.24394044280052185, "von_neumann": 1.406128168106079}