{"overlap": 4.65253833681345e-07, "von_neumann": 0.09265177696943283}