{"overlap": 0.25653427839279175, "von_neumann": 0.8090335726737976}