{"overlap": 0.34990590810775757, "von_neumann": 0.5539146065711975}