{"overlap": 0.2757120132446289, "von_neumann": 1.1541035175323486}