{"overlap": 0.4149706959724426, "von_neumann": 0.4632865786552429}