{"overlap": 0.2266981154680252, "von_neumann": 1.1247810125350952}