{"overlap": 0.2571497857570648, "von_neumann": 1.5950394868850708}