{"overlap": 0.4436078369617462, "von_neumann": 0.06950812041759491}