{"overlap": 0.17301057279109955, "von_neumann": 1.7402347326278687}