{"overlap": 0.31665369868278503, "von_neumann": 0.6509573459625244}