{"overlap": 0.3272126615047455, "von_neumann": 0.08117411285638809}