{"overlap": 0.356357216835022, "von_neumann": 0.07074486464262009}