{"overlap": 0.20035921037197113, "von_neumann": 1.3833391666412354}