{"overlap": 0.4277031421661377, "von_neumann": 0.268856942653656}