{"overlap": 0.35542261600494385, "von_neumann": 0.15144947171211243}