{"overlap": 0.19298987090587616, "von_neumann": 1.5829966068267822}