{"overlap": 0.21450203657150269, "von_neumann": 1.8786371946334839}