{"overlap": 0.1385466754436493, "von_neumann": 2.1820573806762695}