{"overlap": 0.26924213767051697, "von_neumann": 1.3772506713867188}