{"overlap": 0.15129558742046356, "von_neumann": 0.31411993503570557}