{"overlap": 0.15467952191829681, "von_neumann": 1.811010479927063}