{"overlap": 0.1970032900571823, "von_neumann": 1.6033713817596436}