{"overlap": 0.2735833525657654, "von_neumann": 1.3792088031768799}