{"overlap": 0.21949855983257294, "von_neumann": 1.2281492948532104}