{"overlap": 0.3784172236919403, "von_neumann": 0.5286015272140503}