{"overlap": 0.2719557285308838, "von_neumann": 1.0027718544006348}