{"overlap": 0.2524247169494629, "von_neumann": 0.7064547538757324}