{"overlap": 0.16740818321704865, "von_neumann": 2.026641607284546}