{"overlap": 0.19928108155727386, "von_neumann": 1.1411234140396118}