{"overlap": 0.17990702390670776, "von_neumann": 0.21021239459514618}