{"overlap": 0.17612536251544952, "von_neumann": 1.4821751117706299}