{"overlap": 0.2417449802160263, "von_neumann": 0.5281730890274048}