{"overlap": 0.49652591347694397, "von_neumann": 0.06026924401521683}