{"overlap": 0.3613932430744171, "von_neumann": 0.8550088405609131}