{"overlap": 0.16980326175689697, "von_neumann": 1.7743098735809326}