{"overlap": 0.17449131608009338, "von_neumann": 1.659551739692688}