{"overlap": 0.2940291464328766, "von_neumann": 1.191939353942871}