{"overlap": 0.2862338423728943, "von_neumann": 0.9241901636123657}