{"overlap": 0.21822679042816162, "von_neumann": 1.760552167892456}