{"overlap": 0.4227597117424011, "von_neumann": 0.07222297787666321}