{"overlap": 0.3206619322299957, "von_neumann": 0.653788685798645}