{"overlap": 0.2879939079284668, "von_neumann": 0.940572202205658}