{"overlap": 0.48288384079933167, "von_neumann": 0.3026132583618164}