{"overlap": 0.22219574451446533, "von_neumann": 0.9647039771080017}