{"overlap": 0.2367992252111435, "von_neumann": 0.5861610174179077}