{"overlap": 0.354331374168396, "von_neumann": 0.9099917411804199}