{"overlap": 0.17166051268577576, "von_neumann": 1.6074023246765137}