{"overlap": 0.40734830498695374, "von_neumann": 0.6731252074241638}