{"overlap": 0.3958919048309326, "von_neumann": 0.6911681890487671}