{"overlap": 0.18875664472579956, "von_neumann": 1.85881769657135}