{"overlap": 0.20235717296600342, "von_neumann": 1.4248050451278687}