{"overlap": 0.21122406423091888, "von_neumann": 1.4178987741470337}