{"overlap": 0.19883067905902863, "von_neumann": 1.6450366973876953}