{"overlap": 0.21925140917301178, "von_neumann": 0.8267470002174377}