{"overlap": 0.18203139305114746, "von_neumann": 2.0470478534698486}