{"overlap": 0.18174752593040466, "von_neumann": 1.333369493484497}