{"overlap": 0.21502827107906342, "von_neumann": 1.8627912998199463}