{"overlap": 4.544912371784449e-06, "von_neumann": 0.08410519361495972}