{"overlap": 0.4832421839237213, "von_neumann": 0.14688381552696228}