{"overlap": 0.21157072484493256, "von_neumann": 1.3737399578094482}