{"overlap": 0.2832506597042084, "von_neumann": 1.0635119676589966}