{"overlap": 0.6358353495597839, "von_neumann": 0.505486249923706}