{"overlap": 0.3762753903865814, "von_neumann": 0.8404350876808167}