{"overlap": 0.25414249300956726, "von_neumann": 0.9830218553543091}