{"overlap": 0.2956990897655487, "von_neumann": 1.4559121131896973}