{"overlap": 0.16264325380325317, "von_neumann": 1.9676249027252197}