{"overlap": 0.15897773206233978, "von_neumann": 2.0233209133148193}