{"overlap": 0.36340397596359253, "von_neumann": 0.5572471618652344}