{"overlap": 0.1654932200908661, "von_neumann": 1.928271770477295}