{"overlap": 0.4271387755870819, "von_neumann": 0.09367075562477112}