{"overlap": 0.21063603460788727, "von_neumann": 1.8266212940216064}