{"overlap": 0.24857671558856964, "von_neumann": 0.394380658864975}