{"overlap": 0.39457836747169495, "von_neumann": 1.8462741374969482}