{"overlap": 0.3671915829181671, "von_neumann": 0.7105646133422852}