{"overlap": 0.2210095375776291, "von_neumann": 1.3226906061172485}