{"overlap": 0.374370813369751, "von_neumann": 0.8002645373344421}