{"overlap": 0.17402219772338867, "von_neumann": 2.0695652961730957}