{"overlap": 0.21231871843338013, "von_neumann": 1.6235405206680298}