{"overlap": 0.5544517636299133, "von_neumann": 0.07974082231521606}