{"overlap": 0.4373866319656372, "von_neumann": 0.02165902405977249}