{"overlap": 0.4853340983390808, "von_neumann": 0.22515363991260529}