{"overlap": 0.4014921188354492, "von_neumann": 0.3267638683319092}