{"overlap": 0.6142807006835938, "von_neumann": 0.06056797504425049}