{"overlap": 0.1531802862882614, "von_neumann": 1.8066025972366333}