{"overlap": 0.2084319144487381, "von_neumann": 0.778443455696106}