{"overlap": 0.443224161863327, "von_neumann": 0.8678920865058899}