{"overlap": 0.172603040933609, "von_neumann": 1.8954870700836182}