{"overlap": 0.22640389204025269, "von_neumann": 0.09603750705718994}