{"overlap": 0.3369849622249603, "von_neumann": 0.7054912447929382}