{"overlap": 0.21950122714042664, "von_neumann": 1.698439359664917}