{"overlap": 0.2352861613035202, "von_neumann": 1.3622307777404785}