{"overlap": 0.2440754622220993, "von_neumann": 1.080565094947815}