{"overlap": 0.23382291197776794, "von_neumann": 1.2882717847824097}