{"overlap": 0.2519243359565735, "von_neumann": 1.266843557357788}