{"overlap": 0.24784989655017853, "von_neumann": 1.3912063837051392}