{"overlap": 0.1822935789823532, "von_neumann": 1.2689815759658813}