{"overlap": 0.1688079982995987, "von_neumann": 2.0740325450897217}