{"overlap": 0.675385057926178, "von_neumann": 0.12045326083898544}