{"overlap": 0.21600161492824554, "von_neumann": 1.4815798997879028}