{"overlap": 0.296602725982666, "von_neumann": 0.348254531621933}