{"overlap": 0.2446548342704773, "von_neumann": 1.3292152881622314}