{"overlap": 0.17941683530807495, "von_neumann": 1.738548755645752}