{"overlap": 0.26417282223701477, "von_neumann": 1.4093494415283203}