{"overlap": 0.6720193028450012, "von_neumann": 0.009137245826423168}