{"overlap": 0.19076916575431824, "von_neumann": 1.9816105365753174}