{"overlap": 0.4112747013568878, "von_neumann": 0.07205835729837418}