{"overlap": 0.29187488555908203, "von_neumann": 0.8609173893928528}