{"overlap": 0.3278028666973114, "von_neumann": 0.5109813213348389}