{"overlap": 0.3964460790157318, "von_neumann": 0.8344277143478394}