{"overlap": 0.2095002830028534, "von_neumann": 1.4290822744369507}