{"overlap": 0.24783717095851898, "von_neumann": 0.7570935487747192}