{"overlap": 0.6328626275062561, "von_neumann": 0.07722004503011703}