{"overlap": 0.4084656834602356, "von_neumann": 0.6421802043914795}