{"overlap": 0.19835487008094788, "von_neumann": 1.8219040632247925}