{"overlap": 0.1698065996170044, "von_neumann": 1.8426971435546875}