{"overlap": 0.6283073425292969, "von_neumann": 0.12104193866252899}