{"overlap": 0.3015381693840027, "von_neumann": 1.3471535444259644}