{"overlap": 0.26809462904930115, "von_neumann": 1.1976728439331055}