{"overlap": 0.16871288418769836, "von_neumann": 1.67629075050354}