{"overlap": 0.22037003934383392, "von_neumann": 1.704042911529541}