{"overlap": 0.17473994195461273, "von_neumann": 1.8486782312393188}