{"overlap": 0.16820427775382996, "von_neumann": 1.6636040210723877}