{"overlap": 0.5412057638168335, "von_neumann": 0.09082076698541641}