{"overlap": 0.16348479688167572, "von_neumann": 0.46181875467300415}