{"overlap": 0.16344355046749115, "von_neumann": 2.035076141357422}