{"overlap": 0.17826594412326813, "von_neumann": 1.6959412097930908}