{"overlap": 0.20455797016620636, "von_neumann": 1.8119866847991943}