{"overlap": 0.4230923056602478, "von_neumann": 0.5274425148963928}