{"overlap": 0.5017191767692566, "von_neumann": 0.012016828171908855}