{"overlap": 0.18218307197093964, "von_neumann": 1.4519603252410889}