{"overlap": 0.2796671390533447, "von_neumann": 0.7632433176040649}