{"overlap": 0.4307393431663513, "von_neumann": 0.7013511657714844}