{"overlap": 0.195894256234169, "von_neumann": 1.6921600103378296}