{"overlap": 0.4918522238731384, "von_neumann": 0.5884609222412109}