{"overlap": 0.36809003353118896, "von_neumann": 0.6182185411453247}