{"overlap": 0.20952384173870087, "von_neumann": 1.3612046241760254}