{"overlap": 0.566744327545166, "von_neumann": 0.1413368582725525}