{"overlap": 0.4663282632827759, "von_neumann": 0.7628223896026611}