{"overlap": 0.33135998249053955, "von_neumann": 0.5716198086738586}