{"overlap": 0.38811102509498596, "von_neumann": 0.475247323513031}