{"overlap": 0.5128183364868164, "von_neumann": 0.08380059897899628}