{"overlap": 0.33252424001693726, "von_neumann": 0.22734324634075165}