{"overlap": 0.2274000644683838, "von_neumann": 1.1445021629333496}