{"overlap": 0.16662269830703735, "von_neumann": 1.8623231649398804}