{"overlap": 0.5155391097068787, "von_neumann": 0.0998869314789772}