{"overlap": 0.24443577229976654, "von_neumann": 1.280550241470337}