{"overlap": 0.36718180775642395, "von_neumann": 0.014392491430044174}