{"overlap": 0.23503828048706055, "von_neumann": 0.4324565827846527}