{"overlap": 0.8035381436347961, "von_neumann": 0.0505368672311306}