{"overlap": 0.1616126000881195, "von_neumann": 1.6756768226623535}