{"overlap": 0.27393636107444763, "von_neumann": 0.7777131199836731}