{"overlap": 0.17218004167079926, "von_neumann": 1.7875759601593018}