{"overlap": 0.23508912324905396, "von_neumann": 0.45802420377731323}