{"overlap": 0.6357828974723816, "von_neumann": 0.026541927829384804}