{"overlap": 0.18959051370620728, "von_neumann": 1.8201078176498413}