{"overlap": 0.17348811030387878, "von_neumann": 1.7332769632339478}