{"overlap": 0.2869466245174408, "von_neumann": 1.3217486143112183}