{"overlap": 0.27801284193992615, "von_neumann": 0.6863616704940796}