{"overlap": 0.44035202264785767, "von_neumann": 0.36701494455337524}