{"overlap": 0.4474775493144989, "von_neumann": 0.2808459401130676}