{"overlap": 0.6458160281181335, "von_neumann": 0.3728749454021454}