{"overlap": 0.17709434032440186, "von_neumann": 1.1725919246673584}