{"overlap": 0.16330601274967194, "von_neumann": 1.8536112308502197}