{"overlap": 0.3879985809326172, "von_neumann": 0.3605225086212158}