{"overlap": 0.39789775013923645, "von_neumann": 0.9497809410095215}