{"overlap": 0.21028965711593628, "von_neumann": 1.552985668182373}