{"overlap": 0.15873675048351288, "von_neumann": 2.0281410217285156}