{"overlap": 0.29120713472366333, "von_neumann": 0.6003772020339966}