{"overlap": 2.132030203938484e-06, "von_neumann": 0.03986817225813866}