{"overlap": 0.2563333809375763, "von_neumann": 1.0413340330123901}