{"overlap": 0.14969196915626526, "von_neumann": 2.1892199516296387}