{"overlap": 0.26094722747802734, "von_neumann": 0.8892639875411987}