{"overlap": 0.2722305953502655, "von_neumann": 0.5224906206130981}