{"overlap": 0.2023763507604599, "von_neumann": 1.446270227432251}