{"overlap": 0.3528456389904022, "von_neumann": 0.7322489023208618}