{"overlap": 0.228183776140213, "von_neumann": 0.6078259348869324}