{"overlap": 0.49129268527030945, "von_neumann": 0.6793266534805298}