{"overlap": 0.26342397928237915, "von_neumann": 0.4625222980976105}