{"overlap": 0.25017738342285156, "von_neumann": 1.1122831106185913}