{"overlap": 0.40005403757095337, "von_neumann": 0.4721900522708893}