{"overlap": 0.5078904032707214, "von_neumann": 0.18927401304244995}