{"overlap": 0.18947258591651917, "von_neumann": 1.5906171798706055}