{"overlap": 0.36332908272743225, "von_neumann": 0.50212562084198}