{"overlap": 0.3920685648918152, "von_neumann": 0.14926576614379883}