{"overlap": 0.15273305773735046, "von_neumann": 1.2798408269882202}