{"overlap": 0.16513177752494812, "von_neumann": 1.6435046195983887}