{"overlap": 0.40785664319992065, "von_neumann": 0.21111483871936798}