{"overlap": 0.2696956694126129, "von_neumann": 1.3955743312835693}