{"overlap": 0.25948986411094666, "von_neumann": 1.3766376972198486}