{"overlap": 0.43057388067245483, "von_neumann": 0.11896415799856186}