{"overlap": 0.4557187259197235, "von_neumann": 0.1955883800983429}