{"overlap": 0.2040410190820694, "von_neumann": 1.756352186203003}