{"overlap": 0.15449531376361847, "von_neumann": 2.1115293502807617}