{"overlap": 0.17292891442775726, "von_neumann": 1.843618392944336}