{"overlap": 0.18512381613254547, "von_neumann": 1.9020006656646729}