{"overlap": 0.5809205174446106, "von_neumann": 0.10145734995603561}