{"overlap": 0.19335457682609558, "von_neumann": 1.5356336832046509}