{"overlap": 0.3763992488384247, "von_neumann": 0.9264940023422241}