{"overlap": 0.35440707206726074, "von_neumann": 0.7061532735824585}