{"overlap": 0.26928603649139404, "von_neumann": 0.3866327404975891}