{"overlap": 0.1814284473657608, "von_neumann": 1.6557481288909912}