{"overlap": 0.3231320381164551, "von_neumann": 0.8354493975639343}