{"overlap": 0.21125659346580505, "von_neumann": 1.2542980909347534}