{"overlap": 0.23910178244113922, "von_neumann": 1.2684653997421265}