{"overlap": 0.24790073931217194, "von_neumann": 1.3470739126205444}