{"overlap": 0.36707091331481934, "von_neumann": 0.3615414500236511}