{"overlap": 0.3142341375350952, "von_neumann": 0.7491222023963928}