{"overlap": 0.1663513332605362, "von_neumann": 1.734710454940796}