{"overlap": 0.176240935921669, "von_neumann": 1.4949630498886108}