{"overlap": 0.2029430866241455, "von_neumann": 1.7369308471679688}