{"overlap": 0.4168054461479187, "von_neumann": 0.2170456200838089}