{"overlap": 0.2425544112920761, "von_neumann": 1.522192120552063}