{"overlap": 0.4804297983646393, "von_neumann": 0.9106689095497131}