{"overlap": 0.22302639484405518, "von_neumann": 1.2877596616744995}