{"overlap": 0.216115340590477, "von_neumann": 1.5267246961593628}