{"overlap": 0.16621187329292297, "von_neumann": 1.1950273513793945}