{"overlap": 0.3761387765407562, "von_neumann": 0.9347930550575256}