{"overlap": 0.2675963342189789, "von_neumann": 0.8107703328132629}