{"overlap": 0.2142210304737091, "von_neumann": 1.449039101600647}