{"overlap": 0.23463381826877594, "von_neumann": 1.4474103450775146}