{"overlap": 0.5520874857902527, "von_neumann": 0.09670212864875793}