{"overlap": 0.19063767790794373, "von_neumann": 1.7585200071334839}