{"overlap": 0.2373238056898117, "von_neumann": 1.4613769054412842}