{"overlap": 0.45914900302886963, "von_neumann": 0.019968457520008087}