{"overlap": 0.170640766620636, "von_neumann": 1.698077917098999}