{"overlap": 0.2037527710199356, "von_neumann": 1.717149257659912}