{"overlap": 0.5222133994102478, "von_neumann": 0.0986945778131485}