{"overlap": 0.16393032670021057, "von_neumann": 1.7348580360412598}