{"overlap": 0.3175414502620697, "von_neumann": 0.10886891186237335}