{"overlap": 0.2091953158378601, "von_neumann": 0.6825979948043823}