{"overlap": 0.23353104293346405, "von_neumann": 1.2576321363449097}