{"overlap": 0.26409637928009033, "von_neumann": 0.9544050693511963}