{"overlap": 0.32154718041419983, "von_neumann": 0.7502792477607727}