{"overlap": 0.24094398319721222, "von_neumann": 0.8553735613822937}