{"overlap": 0.22692571580410004, "von_neumann": 0.6589887142181396}