{"overlap": 0.2208859771490097, "von_neumann": 1.4634332656860352}