{"overlap": 0.29623478651046753, "von_neumann": 0.9613211750984192}