{"overlap": 0.1864657700061798, "von_neumann": 1.5943034887313843}