{"overlap": 0.22743338346481323, "von_neumann": 0.8889270424842834}