{"overlap": 0.16903698444366455, "von_neumann": 1.9066057205200195}