{"overlap": 0.4317604899406433, "von_neumann": 0.6045093536376953}