{"overlap": 0.1856134980916977, "von_neumann": 1.6022284030914307}