{"overlap": 0.14437523484230042, "von_neumann": 2.133870840072632}