{"overlap": 0.3264668881893158, "von_neumann": 0.01899634301662445}