{"overlap": 0.321533203125, "von_neumann": 0.1091022789478302}