{"overlap": 0.4813196659088135, "von_neumann": 0.41025421023368835}