{"overlap": 0.19960953295230865, "von_neumann": 1.99276864528656}