{"overlap": 0.18751360476016998, "von_neumann": 1.8165574073791504}