{"overlap": 0.3765713572502136, "von_neumann": 0.014631510712206364}