{"overlap": 0.2531636655330658, "von_neumann": 0.45615941286087036}