{"overlap": 0.2034534513950348, "von_neumann": 1.7495036125183105}