{"overlap": 0.3718452751636505, "von_neumann": 0.9535109996795654}