{"overlap": 0.18796132504940033, "von_neumann": 1.2062528133392334}