{"overlap": 0.1814880222082138, "von_neumann": 1.7819485664367676}