{"overlap": 0.33861589431762695, "von_neumann": 0.03893820196390152}