{"overlap": 0.18642058968544006, "von_neumann": 1.8317312002182007}