{"overlap": 0.2608932852745056, "von_neumann": 1.4260449409484863}