{"overlap": 0.2821350693702698, "von_neumann": 0.9343653917312622}