{"overlap": 0.1699119657278061, "von_neumann": 1.5441417694091797}