{"overlap": 0.4241738021373749, "von_neumann": 0.33831852674484253}