{"overlap": 0.21810896694660187, "von_neumann": 1.5881409645080566}