{"overlap": 0.3254367709159851, "von_neumann": 0.8648412227630615}