{"overlap": 0.40331101417541504, "von_neumann": 0.6298579573631287}