{"overlap": 0.4018018841743469, "von_neumann": 0.5643148422241211}