{"overlap": 0.30699604749679565, "von_neumann": 0.20167036354541779}