{"overlap": 0.4278773069381714, "von_neumann": 0.39804986119270325}