{"overlap": 0.13339735567569733, "von_neumann": 1.970656394958496}