{"overlap": 0.41263464093208313, "von_neumann": 0.13526983559131622}