{"overlap": 0.26751384139060974, "von_neumann": 0.9608607292175293}