{"overlap": 0.23443830013275146, "von_neumann": 1.2433123588562012}