{"overlap": 0.422966867685318, "von_neumann": 0.2654232978820801}