{"overlap": 0.18319974839687347, "von_neumann": 1.7297056913375854}