{"overlap": 0.20976367592811584, "von_neumann": 1.1876990795135498}