{"overlap": 0.6880108714103699, "von_neumann": 0.34565019607543945}