{"overlap": 0.300591379404068, "von_neumann": 0.7059398889541626}