{"overlap": 0.3123868405818939, "von_neumann": 0.8825843930244446}