{"overlap": 0.2635931372642517, "von_neumann": 0.35869666934013367}