{"overlap": 0.18503892421722412, "von_neumann": 1.9580186605453491}