{"overlap": 0.6101296544075012, "von_neumann": 0.12278486788272858}