{"overlap": 0.22311116755008698, "von_neumann": 1.548521876335144}