{"overlap": 0.3843511641025543, "von_neumann": 0.21970203518867493}