{"overlap": 0.2142474204301834, "von_neumann": 1.725146770477295}