{"overlap": 0.30802756547927856, "von_neumann": 0.459096759557724}