{"overlap": 0.17717957496643066, "von_neumann": 1.88153076171875}