{"overlap": 0.23695753514766693, "von_neumann": 1.4012300968170166}