{"overlap": 0.18325570225715637, "von_neumann": 1.75863778591156}