{"overlap": 0.2266799658536911, "von_neumann": 1.5403259992599487}