{"overlap": 0.1911327838897705, "von_neumann": 1.9260485172271729}