{"overlap": 0.37040749192237854, "von_neumann": 0.9410932064056396}