{"overlap": 0.1692998707294464, "von_neumann": 1.5985429286956787}