{"overlap": 0.41540661454200745, "von_neumann": 0.22125981748104095}