{"overlap": 0.4087746739387512, "von_neumann": 0.5544947385787964}