{"overlap": 0.3712201714515686, "von_neumann": 0.31954309344291687}