{"overlap": 0.18182319402694702, "von_neumann": 1.552156686782837}