{"overlap": 0.31541305780410767, "von_neumann": 0.6770052909851074}