{"overlap": 0.1889415830373764, "von_neumann": 1.480812430381775}