{"overlap": 0.2650752365589142, "von_neumann": 0.21049003303050995}