{"overlap": 0.1763397604227066, "von_neumann": 1.5049052238464355}