{"overlap": 0.5467497706413269, "von_neumann": 0.060833025723695755}