{"overlap": 0.45003655552864075, "von_neumann": 0.2197456657886505}