{"overlap": 0.21781961619853973, "von_neumann": 1.5966517925262451}