{"overlap": 3.2827374525368214e-06, "von_neumann": 0.2368081957101822}