{"overlap": 0.19854503870010376, "von_neumann": 1.8803467750549316}