{"overlap": 0.23174992203712463, "von_neumann": 0.6449838280677795}