{"overlap": 0.7218645811080933, "von_neumann": 0.00876579899340868}