{"overlap": 0.3746156692504883, "von_neumann": 0.018354283645749092}