{"overlap": 0.23280344903469086, "von_neumann": 0.7206899523735046}