{"overlap": 0.2964717447757721, "von_neumann": 0.7845197916030884}