{"overlap": 0.1677739918231964, "von_neumann": 1.57417631149292}