{"overlap": 0.22600343823432922, "von_neumann": 0.5482414960861206}