{"overlap": 0.19193926453590393, "von_neumann": 1.992178201675415}