{"overlap": 0.19768813252449036, "von_neumann": 1.2732079029083252}