{"overlap": 0.3410293161869049, "von_neumann": 1.2919038534164429}